id,Predicted_Price_USD
0,15623.8955
1,39176.293
2,26589.98
3,38481.215
4,37651.785
5,10449.831
6,14891.742
7,43260.145
8,44921.25
9,15290.787
10,21879.059
11,47574.344
12,15848.69
13,15462.462
14,53157.438
15,8997.754
16,25970.127
17,15573.324
18,25469.768
19,27949.742
20,29560.197
21,13914.261
22,31869.896
23,30902.627
24,19723.102
25,13646.724
26,19654.014
27,37410.92
28,14779.63
29,17565.8
30,52997.812
31,31914.309
32,62738.93
33,32517.357
34,6823.5454
35,14044.875
36,19696.256
37,39788.34
38,21475.258
39,13284.062
40,9383.401
41,76040.34
42,27173.275
43,47647.777
44,94692.59
45,25106.871
46,9436.053
47,20552.643
48,21527.328
49,30932.217
50,10469.508
51,13559.358
52,21908.088
53,19459.377
54,18996.104
55,15416.564
56,11222.921
57,53573.492
58,16650.06
59,9651.777
60,33588.637
61,9615.284
62,18448.867
63,19974.123
64,106054.305
65,29678.941
66,17118.914
67,26466.973
68,10985.765
69,18177.562
70,12576.655
71,25647.893
72,26519.084
73,26007.953
74,16874.309
75,21996.994
76,26752.488
77,9844.978
78,14472.532
79,15686.224
80,31639.326
81,21258.799
82,81677.36
83,18052.338
84,14624.051
85,16089.024
86,14497.489
87,31392.74
88,40919.63
89,15496.134
90,21815.412
91,26116.436
92,114350.66
93,25390.06
94,48776.613
95,14437.559
96,11825.799
97,20555.586
98,28421.441
99,12120.477
100,32255.893
101,16184.722
102,49650.34
103,25668.703
104,49650.34
105,38044.332
106,104737.52
107,25004.668
108,16750.037
109,16808.531
110,18398.764
111,12953.168
112,34792.098
113,35139.38
114,15556.219
115,14643.58
116,26585.281
117,15792.108
118,61962.875
119,13301.419
120,29444.725
121,54568.47
122,23217.541
123,24389.059
124,18375.447
125,19906.6
126,81607.984
127,27373.846
128,28589.97
129,46696.086
130,18866.152
131,48721.6
132,25799.014
133,14835.161
134,23170.81
135,21755.736
136,14658.998
137,15084.179
138,35769.15
139,24222.258
140,33436.176
141,30346.115
142,39814.004
143,32348.8
144,18611.775
145,36881.043
146,31329.893
147,16932.975
148,54568.754
149,13819.067
150,8453.197
151,28431.857
152,23478.525
153,25456.99
154,23667.07
155,39139.016
156,41647.516
157,29012.143
158,251710.47
159,28953.043
160,31537.004
161,14981.614
162,52121.74
163,10599.963
164,28953.043
165,83885.836
166,8243.317
167,27038.043
168,38410.938
169,22334.988
170,34485.51
171,40405.297
172,28017.865
173,52166.51
174,18455.275
175,19751.787
176,22204.045
177,67177.78
178,14311.041
179,21065.158
180,24661.844
181,13409.343
182,19956.16
183,16749.088
184,16029.476
185,30200.729
186,37307.297
187,26885.63
188,12955.282
189,18223.482
190,39800.355
191,26605.615
192,34487.81
193,24044.973
194,19628.605
195,20792.582
196,12238.0625
197,14557.57
198,26975.965
199,17115.443
200,19954.691
201,22826.836
202,19989.994
203,25736.262
204,20591.506
205,11465.407
206,21426.443
207,23806.824
208,17691.707
209,18910.459
210,24704.986
211,25223.666
212,41924.574
213,31138.174
214,12714.53
215,23485.166
216,23587.023
217,41036.184
218,30315.86
219,13450.512
220,32336.043
221,48227.344
222,35593.477
223,27961.19
224,12295.684
225,8458.897
226,38044.332
227,174228.08
228,28314.498
229,23325.188
230,60800.75
231,29488.5
232,31522.695
233,49494.29
234,24438.064
235,39814.004
236,49987.79
237,130031.46
238,37312.31
239,26796.701
240,32978.55
241,39303.36
242,15019.362
243,17663.203
244,26664.229
245,16847.031
246,18001.477
247,12518.357
248,25922.951
249,41502.7
250,15841.458
251,43186.6
252,17008.252
253,24632.533
254,30777.342
255,18234.441
256,14628.213
257,13509.038
258,23561.18
259,24177.467
260,18272.863
261,42744.047
262,10469.256
263,29569.588
264,75268.35
265,21655.902
266,38922.87
267,23462.12
268,25715.701
269,28338.29
270,25959.107
271,32846.715
272,30460.525
273,24703.598
274,41723.465
275,10197.897
276,13738.139
277,23460.586
278,37612.93
279,19226.424
280,13094.514
281,19225.586
282,11251.975
283,16677.021
284,18625.219
285,49494.29
286,17327.492
287,27092.74
288,25390.06
289,23098.016
290,16900.383
291,25615.299
292,13160.71
293,41201.9
294,11804.383
295,43440.98
296,48604.23
297,40905.95
298,16980.527
299,10912.413
300,39541.223
301,25927.484
302,33974.344
303,33643.54
304,66116.625
305,83845.47
306,29189.232
307,26707.81
308,18940.842
309,20671.133
310,19793.264
311,11840.143
312,27065.494
313,237598.36
314,25799.014
315,49112.703
316,39814.004
317,11131.792
318,23594.25
319,91044.78
320,12636.046
321,7454.306
322,23727.693
323,39291.555
324,31477.605
325,39255.992
326,33417.93
327,26818.951
328,284288.2
329,23512.996
330,13953.293
331,39594.06
332,24834.781
333,16046.763
334,27641.973
335,20435.46
336,7947.915
337,31040.586
338,25599.355
339,17915.727
340,23249.514
341,20722.879
342,11291.971
343,23367.424
344,13525.901
345,22361.355
346,61199.184
347,23332.266
348,18446.203
349,16872.232
350,24760.768
351,17193.334
352,12113.109
353,10498.719
354,21064.809
355,46902.094
356,15150.265
357,22995.959
358,12656.607
359,20062.824
360,12363.875
361,26519.084
362,54547.9
363,12208.292
364,26213.93
365,11415.677
366,38963.97
367,10005.362
368,28953.043
369,31235.293
370,17022.545
371,16595.719
372,21649.785
373,14115.414
374,33680.605
375,25799.014
376,23370.22
377,16850.016
378,19576.713
379,9734.911
380,13807.115
381,54291.48
382,25701.945
383,15687.982
384,21642.879
385,31799.883
386,14170.288
387,27714.889
388,26885.63
389,28574.566
390,38878.64
391,22893.35
392,24723.393
393,32472.977
394,122192.99
395,26934.37
396,20474.78
397,44868.785
398,41502.7
399,31125.584
400,28151.176
401,16105.061
402,32525.633
403,45747.94
404,20250.834
405,14183.018
406,25409.2
407,14511.979
408,26605.615
409,20299.22
410,18454.203
411,14494.345
412,10010.486
413,27971.125
414,31522.695
415,15492.455
416,14641.697
417,18231.486
418,171952.45
419,15369.963
420,43236.746
421,9844.978
422,27709.922
423,34036.395
424,28441.498
425,31602.158
426,27802.205
427,29236.19
428,40765.715
429,18790.404
430,28140.482
431,23192.303
432,47574.344
433,18978.992
434,40474.625
435,40449.582
436,23336.637
437,40752.836
438,41692.61
439,29879.492
440,33643.54
441,15494.623
442,38132.0
443,27904.037
444,29871.207
445,31956.205
446,23264.207
447,35541.465
448,37168.395
449,12625.009
450,14128.151
451,131555.47
452,16105.642
453,40512.348
454,17725.275
455,23521.52
456,8512.563
457,34796.44
458,74870.79
459,17783.502
460,22283.19
461,51084.965
462,51297.57
463,13232.527
464,14304.585
465,30308.762
466,21254.111
467,13239.893
468,31277.99
469,18871.547
470,26028.623
471,68510.78
472,15289.964
473,21166.725
474,27436.322
475,14775.606
476,39129.555
477,53073.754
478,34351.848
479,15053.167
480,69725.62
481,26431.139
482,20633.082
483,11471.551
484,12755.143
485,31522.695
486,34996.26
487,17035.62
488,30655.836
489,27373.846
490,12076.089
491,60126.24
492,17485.645
493,14301.086
494,22650.18
495,39320.6
496,13348.053
497,20875.54
498,31711.754
499,21352.688
500,12451.019
501,16751.588
502,19760.018
503,14691.628
504,31233.65
505,18204.92
506,20391.02
507,47981.008
508,20505.307
509,54978.2
510,32564.592
511,16539.645
512,27077.732
513,39255.992
514,25955.994
515,14539.147
516,31392.74
517,13602.708
518,23806.824
519,43946.816
520,27235.037
521,31419.682
522,38044.332
523,26541.842
524,40201.375
525,30544.58
526,31954.248
527,33501.504
528,26302.49
529,17037.516
530,26466.973
531,75379.34
532,47145.01
533,15255.225
534,24407.363
535,20391.02
536,37087.96
537,18718.754
538,98912.336
539,13653.137
540,19154.01
541,18984.63
542,11372.598
543,15094.697
544,16908.129
545,27203.258
546,14078.013
547,23671.826
548,15870.152
549,15497.911
550,23235.836
551,41056.285
552,36493.76
553,16469.846
554,24539.781
555,24795.62
556,41880.48
557,18073.07
558,32738.95
559,26034.389
560,21595.63
561,12673.836
562,22705.303
563,28416.87
564,31271.48
565,19681.062
566,38701.582
567,9651.785
568,24030.354
569,33643.54
570,16682.973
571,26302.49
572,49414.44
573,32119.766
574,19700.797
575,15870.75
576,36179.855
577,33009.57
578,11385.455
579,27918.172
580,23328.455
581,18175.99
582,22588.707
583,49396.277
584,56934.43
585,15232.457
586,10752.177
587,15470.432
588,47249.906
589,38394.605
590,33687.566
591,23806.824
592,56970.47
593,34796.44
594,20727.777
595,20600.732
596,21204.229
597,20143.766
598,14194.354
599,33199.742
600,24553.97
601,15039.385
602,15146.446
603,12860.427
604,20782.416
605,33033.26
606,50755.395
607,32006.346
608,17089.611
609,20288.793
610,15668.172
611,16762.232
612,7752.2363
613,37562.453
614,13269.3125
615,17055.31
616,55171.785
617,38156.906
618,31537.004
619,20565.986
620,39907.098
621,29668.965
622,19650.213
623,12803.968
624,13272.508
625,37129.246
626,13535.715
627,14174.042
628,609617.2
629,33836.562
630,14461.8955
631,20687.389
632,30652.229
633,45059.434
634,14790.569
635,14519.967
636,29644.432
637,44766.027
638,82046.08
639,19435.254
640,39814.004
641,16386.996
642,20068.945
643,14281.456
644,22992.734
645,14854.058
646,15516.818
647,24539.781
648,12215.651
649,13777.47
650,14346.368
651,47527.89
652,20493.342
653,18771.326
654,18562.309
655,21404.312
656,29063.178
657,24948.21
658,10708.641
659,26912.25
660,47413.008
661,112164.59
662,17871.113
663,13225.428
664,29063.178
665,15355.801
666,27291.729
667,27872.31
668,24810.049
669,10277.788
670,37208.168
671,58766.6
672,31898.455
673,23501.227
674,41880.48
675,47708.184
676,38135.29
677,10081.3545
678,20090.428
679,39129.555
680,25967.814
681,16991.848
682,19816.197
683,32715.143
684,14289.03
685,53764.984
686,17612.283
687,37410.92
688,15550.831
689,47574.344
690,34665.188
691,21886.254
692,33469.168
693,30098.15
694,23061.627
695,15168.721
696,16992.893
697,14267.708
698,11951.65
699,12863.151
700,15147.104
701,7578.9336
702,22043.438
703,24962.451
704,14740.573
705,21128.023
706,15817.795
707,16277.664
708,15031.468
709,14918.413
710,34753.832
711,27203.258
712,30761.53
713,19613.434
714,22648.902
715,18873.605
716,35196.63
717,20503.725
718,13988.978
719,28181.934
720,13438.866
721,19468.193
722,15985.176
723,25821.488
724,42948.207
725,19780.03
726,25658.22
727,28664.88
728,20154.295
729,33159.918
730,35283.246
731,18741.166
732,10561.3955
733,20845.076
734,12756.809
735,60451.652
736,18549.613
737,22674.014
738,37339.973
739,33520.38
740,31614.305
741,23444.195
742,10608.117
743,38044.332
744,21675.053
745,12847.883
746,37333.273
747,15831.533
748,32045.604
749,12461.247
750,13382.426
751,53414.105
752,27256.615
753,41917.156
754,20003.63
755,28180.758
756,24518.033
757,14141.984
758,21996.994
759,33938.492
760,12886.398
761,20867.52
762,19342.36
763,34112.758
764,23501.227
765,18760.217
766,28213.666
767,21060.797
768,16492.217
769,13742.028
770,12447.677
771,50946.883
772,20088.86
773,16950.744
774,25616.38
775,22151.37
776,13544.318
777,10708.031
778,37500.746
779,31450.71
780,10858.374
781,37971.574
782,24815.285
783,39211.95
784,17252.436
785,27651.715
786,29732.498
787,12860.427
788,25390.06
789,15267.471
790,24500.916
791,33430.44
792,26852.805
793,14984.987
794,14769.588
795,16684.709
796,13954.944
797,40472.363
798,28339.318
799,36885.15
800,30466.549
801,26461.777
802,26559.744
803,18904.078
804,30375.828
805,12185.478
806,21227.15
807,16920.227
808,29851.547
809,12779.645
810,19181.812
811,16773.904
812,17248.064
813,41502.7
814,25390.06
815,25473.943
816,27771.2
817,23806.824
818,17600.906
819,26790.271
820,29099.848
821,10399.822
822,23656.137
823,13208.309
824,60864.17
825,20241.18
826,22581.508
827,38300.11
828,13849.508
829,30627.68
830,32298.75
831,30164.965
832,20553.299
833,24164.346
834,23949.926
835,39814.004
836,23009.633
837,53981.273
838,14836.811
839,43236.746
840,24749.604
841,24041.842
842,38044.332
843,59361.68
844,12066.448
845,17660.469
846,39129.555
847,41549.645
848,11956.899
849,28927.256
850,11938.754
851,84935.51
852,52411.1
853,13162.461
854,30154.686
855,12434.815
856,12558.673
857,17508.098
858,31769.926
859,19125.713
860,13670.277
861,47834.258
862,31587.5
863,39460.83
864,19407.27
865,37333.273
866,13161.809
867,19478.084
868,31671.605
869,15275.55
870,19153.572
871,10934.83
872,22253.893
873,29563.01
874,29749.965
875,21718.51
876,18745.105
877,18369.58
878,15271.908
879,28999.035
880,11314.922
881,14058.624
882,16986.393
883,16838.314
884,28643.805
885,8995.638
886,17205.02
887,29749.965
888,32517.357
889,24760.768
890,16816.63
891,19509.236
892,13893.349
893,28636.025
894,34006.484
895,174228.08
896,37734.727
897,57197.637
898,17016.203
899,16037.448
900,19397.768
901,38126.164
902,14044.806
903,39129.555
904,25922.951
905,23149.748
906,26198.549
907,18713.719
908,17517.012
909,22644.56
910,25469.768
911,13719.481
912,30061.04
913,21114.016
914,16849.625
915,12898.324
916,14799.951
917,20682.719
918,34932.527
919,20075.07
920,32919.95
921,41623.273
922,17665.893
923,8768.561
924,11727.724
925,16771.088
926,58161.176
927,23357.178
928,14424.495
929,14636.9375
930,33010.52
931,19080.434
932,26713.723
933,24962.297
934,52640.12
935,53135.336
936,26830.584
937,16534.303
938,14536.792
939,27013.695
940,23656.137
941,39441.504
942,12750.152
943,23296.32
944,18844.895
945,29983.76
946,20932.205
947,28180.758
948,18272.117
949,23724.16
950,24653.916
951,14643.997
952,42856.004
953,23259.203
954,35926.78
955,21798.86
956,18522.418
957,12077.204
958,10270.241
959,14891.324
960,29749.965
961,24031.865
962,28592.39
963,32808.992
964,28180.758
965,20408.025
966,9777.83
967,15817.44
968,21713.852
969,30308.762
970,26519.084
971,50663.543
972,20982.521
973,21169.812
974,16842.545
975,38487.55
976,25148.023
977,13723.322
978,30326.299
979,20502.385
980,24426.854
981,19388.562
982,14488.405
983,23207.727
984,21032.553
985,17651.52
986,33806.066
987,13529.382
988,13465.137
989,16147.196
990,27373.846
991,20546.217
992,14368.508
993,39607.207
994,10987.7295
995,34436.97
996,24514.201
997,14623.704
998,27373.846
999,15336.79
1000,19392.074
1001,18239.736
1002,21021.92
1003,29063.178
1004,11502.008
1005,17448.299
1006,37410.92
1007,26684.68
1008,12137.253
1009,81084.85
1010,37105.41
1011,23228.127
1012,21876.768
1013,14049.034
1014,9925.559
1015,12966.887
1016,12699.319
1017,19686.127
1018,15568.159
1019,14719.139
1020,8332.941
1021,60800.75
1022,13482.687
1023,22667.762
1024,28493.826
1025,39596.297
1026,17871.842
1027,25316.09
1028,31005.076
1029,47592.598
1030,21114.82
1031,31983.156
1032,42308.246
1033,14103.649
1034,15263.28
1035,50680.8
1036,17317.43
1037,14742.943
1038,73673.04
1039,10435.821
1040,29749.965
1041,15738.105
1042,15767.607
1043,15307.863
1044,15494.142
1045,36742.43
1046,24213.34
1047,13344.659
1048,15836.559
1049,26457.498
1050,79075.4
1051,14819.139
1052,42370.01
1053,111831.31
1054,15145.225
1055,21312.92
1056,22851.756
1057,14531.439
1058,16309.463
1059,30932.217
1060,14799.951
1061,42596.363
1062,24652.055
1063,14563.397
1064,62266.477
1065,13848.426
1066,17851.41
1067,30375.828
1068,22340.102
1069,75717.06
1070,24895.984
1071,34914.195
1072,35448.555
1073,11226.949
1074,62432.14
1075,42008.145
1076,16451.74
1077,27767.617
1078,22230.35
1079,11796.587
1080,15564.147
1081,19974.06
1082,26589.98
1083,13290.43
1084,18255.42
1085,26585.281
1086,26791.613
1087,17885.344
1088,56998.92
1089,21161.543
1090,19550.012
1091,19755.79
1092,38836.688
1093,19954.764
1094,19899.441
1095,26361.016
1096,10798.173
1097,31028.303
1098,33543.81
1099,33470.266
1100,15898.936
1101,20656.127
1102,37451.438
1103,20771.105
1104,78245.63
1105,25383.508
1106,15898.8125
1107,57561.41
1108,16048.94
1109,20630.662
1110,25923.715
1111,51658.04
1112,10511.11
1113,39119.117
1114,32282.666
1115,27011.088
1116,20356.078
1117,46097.164
1118,21631.906
1119,18534.713
1120,41195.875
1121,26466.973
1122,20096.428
1123,29749.965
1124,23931.787
1125,30835.88
1126,13175.667
1127,16718.385
1128,14688.921
1129,23504.363
1130,45242.04
1131,12483.463
1132,17122.197
1133,17613.621
1134,11293.453
1135,20337.664
1136,18087.158
1137,13395.299
1138,32238.178
1139,23385.092
1140,29687.363
1141,21884.14
1142,26574.346
1143,15040.823
1144,21021.254
1145,17994.576
1146,30308.762
1147,33417.93
1148,15680.431
1149,38201.266
1150,27986.984
1151,20751.88
1152,11117.69
1153,35199.39
1154,31023.914
1155,63901.195
1156,44147.562
1157,9538.183
1158,26852.805
1159,24955.303
1160,26519.084
1161,23688.414
1162,27395.703
1163,15994.623
1164,26750.385
1165,19251.121
1166,14487.075
1167,23986.219
1168,26885.63
1169,17172.016
1170,22016.084
1171,29241.508
1172,14905.007
1173,17331.412
1174,72698.23
1175,17031.078
1176,30674.53
1177,20913.006
1178,12376.594
1179,21352.688
1180,21915.828
1181,35524.12
1182,23572.064
1183,16164.613
1184,10127.545
1185,41975.85
1186,36131.973
1187,29788.914
1188,35321.688
1189,28905.824
1190,47574.344
1191,26736.918
1192,23764.078
1193,29410.57
1194,57550.812
1195,14887.349
1196,32872.824
1197,23494.07
1198,16058.692
1199,22262.72
1200,30510.178
1201,18091.56
1202,41960.492
1203,34911.977
1204,20350.58
1205,14796.476
1206,22664.258
1207,41480.395
1208,44613.465
1209,13497.295
1210,37410.92
1211,13708.415
1212,18458.809
1213,23808.963
1214,23311.664
1215,37024.543
1216,37990.824
1217,21677.523
1218,20570.973
1219,13190.821
1220,15084.773
1221,28043.473
1222,33450.074
1223,21583.727
1224,41214.855
1225,13344.439
1226,23259.203
1227,18023.355
1228,12555.34
1229,25425.357
1230,51810.246
1231,20039.326
1232,20225.33
1233,19419.467
1234,21463.809
1235,24912.77
1236,12937.529
1237,36822.39
1238,24041.842
1239,24758.518
1240,21856.684
1241,29262.695
1242,30914.727
1243,28953.043
1244,34825.516
1245,34483.33
1246,67403.266
1247,16870.098
1248,23093.52
1249,18304.822
1250,13134.192
1251,15495.755
1252,30487.988
1253,33321.484
1254,11297.275
1255,30164.965
1256,13845.315
1257,43886.562
1258,14199.291
1259,40145.33
1260,14293.422
1261,42439.742
1262,60884.793
1263,29879.492
1264,32756.102
1265,30972.953
1266,47514.684
1267,16069.962
1268,9285.925
1269,30513.646
1270,30932.217
1271,66646.96
1272,22088.586
1273,14107.12
1274,16863.426
1275,20964.883
1276,55634.277
1277,28953.043
1278,25045.217
1279,15067.273
1280,12076.841
1281,27760.504
1282,17071.135
1283,17399.436
1284,19295.426
1285,18940.037
1286,15063.267
1287,13254.238
1288,27038.043
1289,23778.396
1290,9568.054
1291,25730.861
1292,18473.088
1293,33193.465
1294,31196.094
1295,19118.594
1296,73240.73
1297,15559.861
1298,99197.34
1299,27019.535
1300,21581.486
1301,40424.902
1302,19158.152
1303,34267.97
1304,16252.649
1305,37041.39
1306,42315.758
1307,16558.074
1308,13845.315
1309,19671.213
1310,16887.736
1311,16271.065
1312,51049.254
1313,21203.578
1314,22395.861
1315,47922.074
1316,19697.816
1317,41427.043
1318,34019.87
1319,24760.768
1320,17433.209
1321,13345.56
1322,39255.992
1323,11715.877
1324,21443.55
1325,102514.81
1326,19845.248
1327,12550.704
1328,29687.363
1329,30510.178
1330,33617.906
1331,11322.566
1332,23669.254
1333,30510.875
1334,42663.508
1335,18081.777
1336,28020.297
1337,26466.973
1338,18837.014
1339,25249.152
1340,14002.398
1341,42956.1
1342,17804.275
1343,18536.777
1344,25746.807
1345,25795.62
1346,23955.77
1347,33738.676
1348,21476.0
1349,14422.576
1350,18477.557
1351,18734.188
1352,31140.896
1353,23007.281
1354,17161.871
1355,8768.561
1356,22114.318
1357,39703.938
1358,12904.534
1359,27499.701
1360,52231.758
1361,20145.709
1362,33893.56
1363,18164.578
1364,33406.625
1365,18484.904
1366,31180.14
1367,40209.09
1368,7412.4585
1369,13610.507
1370,20830.574
1371,40526.492
1372,13795.842
1373,14138.808
1374,28338.29
1375,27429.367
1376,27884.977
1377,33643.54
1378,27373.846
1379,41271.336
1380,47089.082
1381,34375.605
1382,22946.125
1383,131555.47
1384,15986.983
1385,49693.277
1386,40360.266
1387,14876.427
1388,25200.21
1389,17427.191
1390,87812.87
1391,11671.199
1392,27297.39
1393,31696.475
1394,16028.096
1395,22953.87
1396,37069.965
1397,92930.53
1398,86456.96
1399,36155.24
1400,34931.246
1401,17128.842
1402,16853.75
1403,56622.68
1404,26653.969
1405,31053.098
1406,49100.953
1407,22094.166
1408,43007.082
1409,25104.852
1410,20039.121
1411,31988.477
1412,15142.511
1413,48490.434
1414,164550.36
1415,31147.223
1416,41219.797
1417,26058.59
1418,15699.593
1419,27476.12
1420,29907.154
1421,12804.152
1422,18618.414
1423,37168.395
1424,16866.096
1425,31968.057
1426,22966.475
1427,30734.879
1428,26615.17
1429,34272.48
1430,23116.64
1431,17552.979
1432,19109.941
1433,30735.006
1434,29749.965
1435,29407.434
1436,21114.684
1437,17340.023
1438,19124.828
1439,22663.564
1440,11056.901
1441,17758.049
1442,11399.083
1443,26852.805
1444,42004.125
1445,16458.928
1446,27771.2
1447,33893.56
1448,37625.664
1449,20796.078
1450,14411.685
1451,37129.246
1452,30974.027
1453,25743.756
1454,15839.215
1455,25469.768
1456,5743.9194
1457,34187.938
1458,116501.92
1459,14225.394
1460,7259.194
1461,10373.334
1462,43757.375
1463,57054.863
1464,18262.475
1465,27053.145
1466,31970.947
1467,16684.959
1468,48120.71
1469,82317.35
1470,34831.94
1471,25473.943
1472,32303.469
1473,18006.87
1474,50196.37
1475,37136.625
1476,19042.822
1477,23758.205
1478,22903.139
1479,19680.186
1480,25177.041
1481,12890.55
1482,49204.18
1483,57889.402
1484,26231.742
1485,27635.436
1486,105913.08
1487,15126.569
1488,14286.785
1489,9851.29
1490,40694.25
1491,23535.285
1492,22182.816
1493,39546.906
1494,87357.44
1495,36868.035
1496,49792.65
1497,12149.177
1498,25988.926
1499,23656.137
1500,26385.648
1501,40310.027
1502,11000.103
1503,22083.932
1504,38205.93
1505,23338.314
1506,32608.352
1507,25947.55
1508,26466.973
1509,30510.178
1510,24483.875
1511,16987.51
1512,12286.733
1513,19079.629
1514,38080.547
1515,24494.54
1516,36919.004
1517,37357.902
1518,29749.965
1519,30392.783
1520,17985.03
1521,16435.104
1522,19284.814
1523,14486.703
1524,32710.46
1525,43801.21
1526,12585.284
1527,28449.414
1528,30052.268
1529,14100.635
1530,19213.861
1531,26707.81
1532,18155.383
1533,57763.01
1534,26277.373
1535,30114.293
1536,12945.525
1537,41998.34
1538,26894.9
1539,27989.775
1540,17621.502
1541,11752.408
1542,27760.504
1543,24991.889
1544,42709.0
1545,33348.0
1546,22165.35
1547,29733.639
1548,18471.418
1549,33194.168
1550,30666.0
1551,30649.46
1552,19958.18
1553,8175.1943
1554,18141.691
1555,41765.094
1556,35684.203
1557,19733.492
1558,24694.607
1559,24760.768
1560,13354.846
1561,26466.973
1562,44269.16
1563,37216.266
1564,14372.038
1565,38692.344
1566,21066.572
1567,28953.043
1568,13250.864
1569,26804.736
1570,26466.973
1571,25473.943
1572,15866.392
1573,13672.477
1574,47647.777
1575,20810.615
1576,27103.986
1577,17770.197
1578,41924.574
1579,33396.43
1580,19989.78
1581,34439.293
1582,8476.56
1583,13817.137
1584,45623.234
1585,13933.229
1586,27559.432
1587,24353.533
1588,33550.55
1589,30864.395
1590,23534.44
1591,41001.984
1592,16341.042
1593,10695.9
1594,22114.318
1595,17613.586
1596,41148.09
1597,25671.576
1598,15627.099
1599,23986.219
1600,41001.984
1601,31906.422
1602,30164.965
1603,23922.512
1604,15795.914
1605,43452.223
1606,12478.587
1607,58520.523
1608,18130.064
1609,85607.81
1610,34674.17
1611,22831.541
1612,24199.668
1613,133789.02
1614,22152.662
1615,36040.54
1616,29012.143
1617,16961.283
1618,29063.178
1619,37409.77
1620,32852.793
1621,12820.145
1622,15545.162
1623,31049.2
1624,22266.527
1625,19540.674
1626,38044.332
1627,27884.977
1628,14043.339
1629,20674.791
1630,25130.096
1631,24616.11
1632,12819.558
1633,11584.584
1634,24743.2
1635,9488.885
1636,9519.208
1637,38894.65
1638,14026.482
1639,33237.47
1640,24091.844
1641,24762.008
1642,96011.945
1643,14328.563
1644,23669.254
1645,19863.596
1646,30036.295
1647,22171.268
1648,26774.195
1649,16065.261
1650,22876.918
1651,20145.709
1652,29279.36
1653,37410.92
1654,42590.613
1655,25654.615
1656,18437.38
1657,12576.005
1658,11274.976
1659,37612.93
1660,22161.299
1661,18132.977
1662,8661.124
1663,14552.911
1664,14217.99
1665,36885.15
1666,45881.96
1667,38044.332
1668,29749.965
1669,12332.6
1670,25456.99
1671,22928.043
1672,19622.81
1673,40650.043
1674,18426.93
1675,14828.212
1676,45892.844
1677,14430.083
1678,12208.939
1679,22805.742
1680,48379.9
1681,61595.137
1682,20405.768
1683,10468.547
1684,22388.053
1685,36885.15
1686,12281.4795
1687,17076.498
1688,9547.087
1689,13143.46
1690,37024.543
1691,22742.117
1692,16800.945
1693,21072.13
1694,33286.992
1695,20626.896
1696,31940.486
1697,21434.197
1698,14504.794
1699,14111.961
1700,39255.992
1701,12494.434
1702,10828.582
1703,27232.33
1704,41545.64
1705,39594.06
1706,18109.014
1707,29534.469
1708,37410.92
1709,11754.069
1710,34272.48
1711,21096.342
1712,53093.523
1713,11677.939
1714,10465.743
1715,31592.672
1716,22371.932
1717,23743.582
1718,14507.966
1719,16324.424
1720,32948.934
1721,61483.71
1722,40905.95
1723,15936.186
1724,21641.549
1725,58742.67
1726,104950.664
1727,59805.887
1728,15646.487
1729,23257.209
1730,12593.169
1731,28025.783
1732,43790.81
1733,138259.77
1734,33307.348
1735,16945.258
1736,20450.043
1737,13456.592
1738,17492.703
1739,41299.81
1740,11289.6
1741,21802.8
1742,39129.555
1743,17277.764
1744,30493.8
1745,51547.445
1746,28994.352
1747,20092.572
1748,27230.547
1749,22551.182
1750,30865.383
1751,18040.604
1752,15960.0205
1753,16609.906
1754,31200.807
1755,24442.074
1756,20863.615
1757,33637.992
1758,30899.59
1759,31273.168
1760,105941.54
1761,12951.293
1762,60864.17
1763,23839.34
1764,23151.244
1765,49267.56
1766,25436.037
1767,22876.918
1768,15711.996
1769,52226.664
1770,26204.99
1771,8711.696
1772,17134.58
1773,36868.035
1774,16909.557
1775,16538.424
1776,28181.934
1777,24321.158
1778,55534.2
1779,42907.223
1780,16481.734
1781,14618.275
1782,37435.22
1783,27522.49
1784,21772.229
1785,14317.139
1786,24529.537
1787,12647.031
1788,29017.523
1789,30926.629
1790,27065.494
1791,23351.672
1792,28953.043
1793,37370.254
1794,25148.643
1795,17988.018
1796,57889.402
1797,41880.48
1798,31714.287
1799,13933.049
1800,50742.164
1801,23654.705
1802,14361.782
1803,15792.16
1804,30605.432
1805,23030.889
1806,34602.582
1807,37043.88
1808,22680.19
1809,13624.564
1810,15479.953
1811,27251.59
1812,23306.557
1813,25983.916
1814,129076.12
1815,34825.516
1816,36257.08
1817,33536.49
1818,42012.883
1819,18425.756
1820,20226.95
1821,16584.627
1822,34209.81
1823,22698.607
1824,19501.361
1825,41299.81
1826,26361.205
1827,31662.176
1828,25730.861
1829,28198.83
1830,15625.646
1831,23652.184
1832,50755.395
1833,56934.43
1834,27531.953
1835,26882.732
1836,34704.504
1837,28339.318
1838,22042.771
1839,42370.01
1840,48351.0
1841,21940.205
1842,16725.166
1843,13063.618
1844,14624.16
1845,28017.865
1846,16878.672
1847,58931.918
1848,32329.832
1849,30308.762
1850,10473.837
1851,9673.775
1852,10690.559
1853,17769.123
1854,13513.388
1855,18024.5
1856,14095.993
1857,18330.932
1858,23501.227
1859,37168.395
1860,19433.307
1861,13629.855
1862,56822.066
1863,28524.81
1864,11884.471
1865,25131.568
1866,24759.857
1867,9592.42
1868,14399.031
1869,23230.75
1870,33307.348
1871,24785.883
1872,17420.193
1873,9339.727
1874,24822.668
1875,32472.977
1876,21810.3
1877,21936.57
1878,29117.955
1879,48056.316
1880,17665.068
1881,17640.764
1882,24514.965
1883,26120.426
1884,58437.438
1885,35639.816
1886,27266.076
1887,7431.2544
1888,85266.99
1889,20270.902
1890,47706.14
1891,47557.336
1892,30891.287
1893,16966.893
1894,21664.924
1895,19794.35
1896,24809.986
1897,37410.92
1898,11692.48
1899,29459.533
1900,12777.579
1901,30710.48
1902,33051.19
1903,12289.902
1904,36163.637
1905,47070.973
1906,19135.703
1907,27185.812
1908,18135.734
1909,16244.211
1910,14377.143
1911,10315.573
1912,20197.904
1913,14917.263
1914,20936.566
1915,19890.002
1916,50176.52
1917,32900.223
1918,16184.701
1919,18821.115
1920,13716.928
1921,13154.871
1922,27325.646
1923,48213.336
1924,42948.207
1925,9193.829
1926,11463.251
1927,38044.332
1928,18194.803
1929,26589.98
1930,22392.201
1931,31562.97
1932,28905.824
1933,9228.143
1934,21708.36
1935,42948.207
1936,16164.21
1937,17440.398
1938,11565.089
1939,26961.2
1940,33643.54
1941,11563.621
1942,19266.742
1943,20551.324
1944,8828.004
1945,41924.574
1946,25172.121
1947,17796.992
1948,33417.93
1949,47989.496
1950,23542.834
1951,16080.739
1952,22216.592
1953,33379.516
1954,21343.773
1955,31557.934
1956,27330.346
1957,9839.991
1958,13891.791
1959,32574.375
1960,13036.867
1961,41692.61
1962,18089.203
1963,14851.276
1964,43256.56
1965,35402.848
1966,17488.465
1967,11257.649
1968,27570.248
1969,15038.705
1970,14515.328
1971,30346.115
1972,24450.885
1973,49987.79
1974,31833.99
1975,40508.03
1976,17528.805
1977,44985.305
1978,10972.159
1979,16698.133
1980,29329.977
1981,59936.582
1982,11691.29
1983,14950.047
1984,13026.547
1985,44065.625
1986,23806.824
1987,75498.43
1988,37129.246
1989,12610.401
1990,32184.633
1991,23806.824
1992,18229.686
1993,33308.53
1994,18423.887
1995,25569.555
1996,19024.66
1997,37410.92
1998,71797.66
1999,10245.162
2000,14701.897
2001,37142.004
2002,39594.06
2003,19696.256
2004,18432.945
2005,21819.861
2006,30918.402
2007,24760.768
2008,23693.428
2009,27232.33
2010,13514.751
2011,14684.833
2012,14305.416
2013,37985.594
2014,23923.639
2015,15257.468
2016,21675.5
2017,16537.809
2018,40961.992
2019,18700.64
2020,20290.188
2021,55193.773
2022,34258.098
2023,20158.82
2024,22711.135
2025,16374.993
2026,23260.166
2027,42531.754
2028,16863.57
2029,23806.824
2030,21840.078
2031,88831.4
2032,31456.45
2033,13754.343
2034,13817.267
2035,31777.861
2036,23249.514
2037,18736.34
2038,23452.545
2039,25224.846
2040,22226.701
2041,30038.107
2042,10123.995
2043,25715.701
2044,8581.99
2045,37132.293
2046,21824.29
2047,25706.328
2048,15165.05
2049,18391.816
2050,19696.438
2051,37511.17
2052,39231.41
2053,15119.136
2054,16314.192
2055,14429.567
2056,23955.77
2057,27373.846
2058,14504.851
2059,16483.266
2060,13146.5625
2061,10904.311
2062,23501.227
2063,14015.603
2064,20702.775
2065,12468.408
2066,14665.558
2067,28024.838
2068,16898.422
2069,10975.592
2070,15453.099
2071,12480.68
2072,27784.047
2073,37118.652
2074,33295.62
2075,13073.274
2076,17985.133
2077,19670.555
2078,28707.168
2079,18554.244
2080,9713.863
2081,30407.898
2082,28953.043
2083,52569.887
2084,24328.188
2085,13513.281
2086,15050.275
2087,30274.934
2088,23655.654
2089,12015.568
2090,36131.973
2091,14168.149
2092,10879.221
2093,40905.95
2094,13508.011
2095,15975.372
2096,30935.71
2097,27817.545
2098,27172.125
2099,43595.785
2100,11991.584
2101,40594.79
2102,22589.76
2103,33558.152
2104,29386.885
2105,20416.354
2106,18539.11
2107,18515.49
2108,12286.733
2109,53266.27
2110,13011.355
2111,55342.57
2112,12866.999
2113,14495.352
2114,30920.885
2115,12767.811
2116,14106.011
2117,19982.16
2118,15434.896
2119,34260.84
2120,11585.416
2121,27884.977
2122,19716.863
2123,13523.575
2124,23745.27
2125,15604.138
2126,25757.676
2127,42672.113
2128,37391.04
2129,38587.434
2130,16746.33
2131,9382.886
2132,27060.941
2133,7692.859
2134,37677.95
2135,38258.34
2136,39129.555
2137,19617.86
2138,23043.697
2139,10172.915
2140,38827.348
2141,18694.666
2142,47871.023
2143,10218.751
2144,20911.188
2145,14789.935
2146,9960.274
2147,14071.764
2148,12982.774
2149,39649.742
2150,27421.498
2151,16888.557
2152,18900.312
2153,7380.301
2154,15229.391
2155,30788.828
2156,13249.347
2157,39594.06
2158,43025.492
2159,19846.951
2160,17913.682
2161,42734.05
2162,32257.406
2163,17578.984
2164,26774.195
2165,26605.615
2166,31021.879
2167,14647.576
2168,41109.12
2169,17506.826
2170,29299.139
2171,42372.348
2172,41480.395
2173,17664.238
2174,12613.422
2175,27668.334
2176,16241.67
2177,29063.178
2178,9768.841
2179,18629.645
2180,35632.184
2181,59200.812
2182,15203.296
2183,30308.762
2184,14371.617
2185,14727.6045
2186,34247.07
2187,12854.437
2188,22610.285
2189,38052.613
2190,34825.516
2191,40905.95
2192,26521.176
2193,41960.492
2194,21047.953
2195,31392.74
2196,21326.992
2197,46345.797
2198,27739.1
2199,19863.596
2200,26061.027
2201,19218.652
2202,11762.94
2203,27373.846
2204,12679.148
2205,33617.195
2206,24101.033
2207,35487.133
2208,12917.611
2209,18614.13
2210,39444.543
2211,13188.558
2212,19326.988
2213,37410.92
2214,11516.349
2215,14602.813
2216,32462.814
2217,34146.168
2218,13166.535
2219,19330.436
2220,24556.842
2221,30308.762
2222,26615.17
2223,15010.249
2224,73151.79
2225,16384.281
2226,31713.861
2227,10760.252
2228,15597.28
2229,32542.889
2230,11765.359
2231,25573.916
2232,18697.152
2233,24919.67
2234,40642.8
2235,26020.135
2236,14060.157
2237,21844.594
2238,19038.268
2239,38898.957
2240,25400.648
2241,185198.3
2242,9744.788
2243,23484.58
2244,8252.905
2245,29866.297
2246,16250.93
2247,39497.86
2248,36731.74
2249,21096.342
2250,69892.664
2251,20971.8
2252,32029.299
2253,25316.945
2254,8692.679
2255,33214.23
2256,17574.49
2257,14208.598
2258,22290.81
2259,22053.482
2260,41811.258
2261,10579.776
2262,15847.393
2263,23249.514
2264,35460.94
2265,23711.27
2266,11645.6045
2267,24500.49
2268,17827.031
2269,37410.92
2270,19118.594
2271,14271.832
2272,27203.258
2273,39814.004
2274,56168.848
2275,15301.498
2276,54356.86
2277,15623.021
2278,31522.695
2279,12972.049
2280,21002.621
2281,26912.25
2282,25144.828
2283,21419.594
2284,9554.441
2285,23501.227
2286,38719.703
2287,14469.8545
2288,21169.812
2289,61752.438
2290,58795.883
2291,19761.273
2292,12547.174
2293,9626.691
2294,18596.861
2295,31628.541
2296,40827.062
2297,36743.016
2298,14779.086
2299,36065.867
2300,14251.666
2301,37762.43
2302,11540.193
2303,13174.353
2304,13602.283
2305,15112.953
2306,46180.48
2307,16916.328
2308,31392.74
2309,132746.05
2310,56459.832
2311,49132.37
2312,10724.055
2313,33986.44
2314,20837.822
2315,29063.178
2316,24123.445
2317,15083.072
2318,23746.693
2319,22044.1
2320,23037.568
2321,12880.442
2322,28180.758
2323,28992.123
2324,19421.775
2325,14254.382
2326,27986.984
2327,23806.824
2328,24603.928
2329,17453.564
2330,81923.27
2331,28905.824
2332,37761.645
2333,41299.81
2334,31104.488
2335,19453.97
2336,22669.488
2337,23272.379
2338,28180.758
2339,28803.068
2340,82552.01
2341,33032.08
2342,32796.527
2343,18166.363
2344,18522.678
2345,30568.125
2346,21381.268
2347,25129.625
2348,39255.992
2349,27232.33
2350,21389.111
2351,26852.805
2352,9166.347
2353,31125.584
2354,57542.71
2355,14685.2705
2356,11888.135
2357,39814.004
2358,130031.46
2359,13449.123
2360,30010.088
2361,27373.846
2362,25127.057
2363,25636.809
2364,15991.979
2365,14749.29
2366,15087.467
2367,19680.186
2368,27291.729
2369,41502.7
2370,29927.893
2371,15307.012
2372,20265.746
2373,22405.947
2374,17842.957
2375,19203.107
2376,35799.65
2377,25268.477
2378,97254.52
2379,42902.215
2380,25271.898
2381,35438.363
2382,48043.02
2383,30627.68
2384,38971.934
2385,24362.605
2386,33375.684
2387,16684.838
2388,31567.531
2389,28454.492
2390,15378.47
2391,28418.027
2392,30066.924
2393,30627.658
2394,57376.46
2395,43247.72
2396,30884.547
2397,22384.73
2398,30478.049
2399,39255.992
2400,18160.084
2401,28762.979
2402,58742.67
2403,42928.65
2404,54179.73
2405,15058.889
2406,50843.08
2407,34416.445
2408,78829.87
2409,33979.703
2410,29080.4
2411,18934.783
2412,54866.746
2413,26083.838
2414,38570.105
2415,27288.367
2416,41612.598
2417,24177.467
2418,12217.905
2419,26411.86
2420,39814.004
2421,14369.7295
2422,18728.367
2423,27756.137
2424,18075.76
2425,21772.277
2426,21120.664
2427,16033.143
2428,58795.883
2429,20391.02
2430,20045.098
2431,20192.564
2432,27760.504
2433,20510.004
2434,43106.59
2435,13325.992
2436,20184.775
2437,15974.992
2438,21642.879
2439,15143.441
2440,87248.26
2441,18862.56
2442,18038.184
2443,43846.812
2444,14457.479
2445,41924.574
2446,28281.469
2447,13349.105
2448,27689.537
2449,178504.7
2450,47922.074
2451,13901.696
2452,27739.17
2453,57571.598
2454,15469.444
2455,14423.579
2456,22474.31
2457,68971.164
2458,21001.307
2459,27057.13
2460,14042.157
2461,11153.536
2462,24529.537
2463,11710.822
2464,17163.86
2465,25730.861
2466,33054.69
2467,69091.484
2468,21294.014
2469,13948.252
2470,21527.63
2471,22064.895
2472,67552.66
2473,42012.883
2474,47009.03
2475,24966.463
2476,23902.504
2477,13805.414
2478,10250.265
2479,17894.086
2480,27689.537
2481,27637.64
2482,22161.092
2483,33130.633
2484,14629.215
2485,22892.504
2486,33986.94
2487,10472.157
2488,21441.945
2489,37814.496
2490,14093.974
2491,11504.243
2492,16737.547
2493,13577.249
2494,8617.306
2495,44002.1
2496,15024.778
2497,25469.768
2498,38492.95
2499,30379.926
2500,16559.422
2501,28209.588
2502,15168.918
2503,22703.064
2504,12945.31
2505,25259.605
2506,19174.367
2507,23264.207
2508,22206.506
2509,21842.203
2510,20475.002
2511,17953.697
2512,29093.154
2513,12904.736
2514,29932.742
2515,20514.516
2516,18136.592
2517,39161.957
2518,17285.764
2519,17460.305
2520,34825.516
2521,20143.918
2522,9947.64
2523,86411.72
2524,10110.983
2525,36620.2
2526,13435.025
2527,8520.338
2528,14437.293
2529,9679.39
2530,16104.415
2531,47647.777
2532,19391.307
2533,12533.54
2534,28726.56
2535,32791.824
2536,14580.435
2537,10662.851
2538,15413.104
2539,12390.801
2540,15042.669
2541,23249.514
2542,33840.973
2543,22401.832
2544,16413.42
2545,15979.834
2546,33436.176
2547,17312.92
2548,6837.146
2549,25825.738
2550,100361.55
2551,27203.258
2552,79717.37
2553,27884.977
2554,19694.793
2555,22396.766
2556,25620.092
2557,29702.982
2558,59094.855
2559,31602.158
2560,10978.796
2561,14692.811
2562,17814.107
2563,133789.02
2564,31602.158
2565,13222.794
2566,6471.6816
2567,44822.59
2568,21430.154
2569,37410.92
2570,23013.996
2571,33884.027
2572,15439.576
2573,17991.094
2574,37310.48
2575,16759.898
2576,47468.797
2577,44796.95
2578,18638.082
2579,19924.094
2580,27986.984
2581,12927.609
2582,33418.61
2583,14084.39
2584,20391.02
2585,9650.811
2586,27607.713
2587,30091.178
2588,28805.568
2589,25877.525
2590,48043.02
2591,13240.344
2592,25469.768
2593,53171.137
2594,13854.116
2595,27940.486
2596,16421.102
2597,17422.006
2598,13898.273
2599,12812.102
2600,35810.11
2601,43717.29
2602,16948.396
2603,51442.906
2604,36901.324
2605,13404.388
2606,30832.645
2607,80746.32
2608,19771.111
2609,42532.773
2610,10397.607
2611,48264.055
2612,33974.344
2613,27986.984
2614,34815.76
2615,13918.048
2616,15251.947
2617,11296.709
2618,18266.61
2619,26462.111
2620,18378.484
2621,13400.501
2622,19471.916
2623,32401.89
2624,27612.125
2625,21892.686
2626,20371.225
2627,31856.797
2628,20020.764
2629,17908.166
2630,10303.738
2631,41608.113
2632,16067.824
2633,109089.02
2634,53164.16
2635,7910.023
2636,13778.754
2637,19821.686
2638,15997.903
2639,25119.72
2640,15658.952
2641,41195.875
2642,17282.2
2643,14298.269
2644,24746.898
2645,19212.014
2646,29786.96
2647,42662.22
2648,26894.963
2649,27826.648
2650,68735.055
2651,27232.33
2652,15089.939
2653,11892.52
2654,15702.186
2655,20243.244
2656,16397.566
2657,27329.018
2658,13228.901
2659,21336.996
2660,33571.18
2661,30468.88
2662,18536.1
2663,21877.723
2664,41960.492
2665,68570.18
2666,25537.494
2667,29063.178
2668,43228.316
2669,28953.043
2670,21895.178
2671,17134.58
2672,24494.145
2673,26441.383
2674,8355.896
2675,28127.588
2676,22572.193
2677,33417.93
2678,28600.06
2679,41606.46
2680,15757.423
2681,14975.543
2682,25920.04
2683,7636.396
2684,29596.07
2685,39385.625
2686,25081.85
2687,55880.62
2688,29879.492
2689,20371.424
2690,30346.115
2691,14133.117
2692,12036.91
2693,26648.973
2694,25961.81
2695,17173.088
2696,34722.93
2697,12526.837
2698,9979.022
2699,13330.889
2700,34929.395
2701,30496.25
2702,10686.673
2703,24837.055
2704,17929.4
2705,8133.947
2706,18489.242
2707,36354.188
2708,59888.508
2709,24603.928
2710,28642.2
2711,41642.84
2712,18012.035
2713,26647.742
2714,9644.297
2715,30982.938
2716,12350.595
2717,7125.513
2718,68057.14
2719,40290.965
2720,40640.223
2721,15498.697
2722,23561.18
2723,49498.75
2724,12921.403
2725,30042.744
2726,22662.805
2727,20734.111
2728,37349.195
2729,32070.62
2730,14179.705
2731,23501.227
2732,39814.004
2733,84056.19
2734,19468.193
2735,72121.48
2736,17294.959
2737,17718.58
2738,30185.857
2739,24720.73
2740,25020.674
2741,16492.5
2742,11201.716
2743,10500.514
2744,10871.054
2745,28953.043
2746,20506.994
2747,34487.81
2748,17781.105
2749,123882.54
2750,12833.654
2751,55938.176
2752,15832.547
2753,24948.53
2754,15597.28
2755,23863.707
2756,17371.545
2757,31777.584
2758,17538.605
2759,26063.73
2760,17408.885
2761,34852.082
2762,31639.326
2763,27760.504
2764,34177.5
2765,41960.492
2766,7692.859
2767,49650.34
2768,17230.578
2769,9137.64
2770,15993.916
2771,21586.006
2772,18378.318
2773,13090.402
2774,27904.037
2775,43841.184
2776,35572.0
2777,17939.572
2778,38668.09
2779,29147.193
2780,58451.215
2781,43251.92
2782,42777.363
2783,37410.92
2784,20571.246
2785,15268.48
2786,16564.996
2787,17100.527
2788,24116.414
2789,113795.18
2790,15855.282
2791,27203.258
2792,15968.6875
2793,27401.309
2794,32038.973
2795,21514.336
2796,13143.771
2797,21064.809
2798,38176.098
2799,33934.133
2800,85453.78
2801,45298.31
2802,26679.68
2803,33307.348
2804,36182.93
2805,46833.402
2806,30996.072
2807,14971.097
2808,24760.768
2809,24851.375
2810,44389.285
2811,18457.59
2812,37860.03
2813,15049.974
2814,8398.63
2815,17986.182
2816,21648.26
2817,16877.064
2818,19836.06
2819,29749.965
2820,13111.161
2821,39129.555
2822,32840.47
2823,16183.16
2824,15085.77
2825,37869.81
2826,47506.555
2827,17649.46
2828,23501.227
2829,7500.758
2830,19694.057
2831,9237.977
2832,22201.217
2833,19841.97
2834,13358.673
2835,21734.475
2836,17745.143
2837,30182.662
2838,11147.501
2839,40602.87
2840,14295.278
2841,21773.518
2842,15803.49
2843,23255.215
2844,22876.918
2845,30158.086
2846,18294.826
2847,33856.348
2848,21482.105
2849,22369.752
2850,23591.291
2851,14246.771
2852,31756.152
2853,24747.146
2854,42017.16
2855,24653.916
2856,27266.076
2857,13452.139
2858,42334.895
2859,80801.81
2860,32238.178
2861,27749.352
2862,23453.69
2863,17720.72
2864,53743.34
2865,54499.684
2866,34712.074
2867,13588.431
2868,84156.22
2869,31030.328
2870,48580.535
2871,33352.227
2872,39466.54
2873,42531.754
2874,27166.768
2875,12726.582
2876,23922.512
2877,23160.635
2878,15703.112
2879,12478.085
2880,27767.617
2881,28252.58
2882,13811.134
2883,25882.709
2884,39129.555
2885,14165.936
2886,16624.209
2887,38044.332
2888,18611.25
2889,16832.2
2890,24460.58
2891,17790.28
2892,25996.346
2893,7814.219
2894,12142.831
2895,14516.593
2896,14459.161
2897,20817.545
2898,34929.395
2899,16909.008
2900,12283.89
2901,14072.441
2902,41299.81
2903,234671.17
2904,14449.3545
2905,25957.2
2906,24517.582
2907,23584.148
2908,14932.381
2909,12699.164
2910,81665.98
2911,16914.965
2912,34845.742
2913,14866.262
2914,23806.824
2915,31030.328
2916,49781.95
2917,84080.37
2918,12962.643
2919,19229.79
2920,24795.62
2921,14061.171
2922,23278.008
2923,10788.96
2924,8653.753
2925,24325.744
2926,23250.17
2927,13281.424
2928,17204.129
2929,13104.984
2930,16136.9795
2931,31348.273
2932,13776.498
2933,39703.938
2934,9047.159
2935,18925.363
2936,62491.375
2937,37410.92
2938,12711.591
2939,16688.0
2940,48332.625
2941,47685.062
2942,18118.541
2943,13949.437
2944,12848.425
2945,13373.017
2946,38176.098
2947,41880.48
2948,30707.021
2949,34873.785
2950,22674.74
2951,71579.02
2952,15021.501
2953,15938.244
2954,25950.297
2955,40201.227
2956,25421.723
2957,16521.37
2958,19293.363
2959,113922.7
2960,34825.516
2961,28017.865
2962,21726.508
2963,16213.84
2964,32238.178
2965,12602.052
2966,21991.1
2967,16803.854
2968,19606.568
2969,39217.21
2970,23501.227
2971,17302.783
2972,14286.815
2973,22982.041
2974,27328.611
2975,25390.06
2976,30510.178
2977,13217.094
2978,25119.72
2979,10381.096
2980,25522.98
2981,22606.613
2982,39724.844
2983,52057.574
2984,12466.163
2985,56459.832
2986,25748.742
2987,26191.365
2988,31522.695
2989,41502.7
2990,13978.083
2991,30598.844
2992,37129.246
2993,15573.88
2994,16326.167
2995,13993.344
2996,57657.64
2997,14435.985
2998,51473.64
2999,33436.176
3000,42262.273
3001,23434.953
3002,25528.955
3003,9643.16
3004,44038.465
3005,25946.27
3006,16013.753
3007,26519.084
3008,23440.541
3009,17964.16
3010,15188.981
3011,64020.81
3012,115112.84
3013,16824.848
3014,21012.54
3015,17833.738
3016,15795.727
3017,27812.186
3018,21170.863
3019,12878.4
3020,43186.6
3021,10569.136
3022,24553.97
3023,37410.92
3024,28826.932
3025,18202.39
3026,23334.135
3027,30614.383
3028,22933.592
3029,28122.727
3030,38235.004
3031,23501.227
3032,16796.44
3033,8548.911
3034,16062.665
3035,25715.701
3036,25425.357
3037,28927.256
3038,16308.792
3039,13984.831
3040,10083.869
3041,40427.58
3042,38044.332
3043,76665.8
3044,11274.976
3045,14598.695
3046,16873.922
3047,16193.738
3048,39473.523
3049,9867.612
3050,28151.176
3051,14884.305
3052,18341.94
3053,39550.188
3054,13830.085
3055,13225.676
3056,11286.79
3057,17815.61
3058,20338.207
3059,6859.5723
3060,21737.018
3061,29039.113
3062,16753.516
3063,26461.771
3064,24098.139
3065,19688.053
3066,24603.928
3067,13658.626
3068,16244.361
3069,20555.824
3070,20327.479
3071,29460.977
3072,17611.508
3073,12763.078
3074,28566.617
3075,41809.25
3076,16760.83
3077,25425.357
3078,25746.166
3079,45595.727
3080,16481.734
3081,28764.975
3082,18993.777
3083,27320.1
3084,32388.152
3085,38479.547
3086,14374.686
3087,33054.69
3088,25469.768
3089,49674.465
3090,14819.139
3091,29204.002
3092,37075.94
3093,12981.566
3094,30932.217
3095,22043.11
3096,18569.986
3097,24443.877
3098,11175.927
3099,37990.824
3100,21480.973
3101,20152.014
3102,15157.136
3103,24747.146
3104,16713.111
3105,11280.97
3106,54626.51
3107,13068.35
3108,26774.195
3109,17183.422
3110,16207.934
3111,15246.634
3112,22502.818
3113,37461.777
3114,24592.354
3115,12971.493
3116,13194.736
3117,13135.457
3118,10264.3
3119,14694.089
3120,12700.195
3121,15206.873
3122,29895.088
3123,25427.713
3124,23175.79
3125,27320.1
3126,14695.685
3127,31348.273
3128,12445.224
3129,26626.982
3130,13818.002
3131,14029.861
3132,12425.554
3133,28481.13
3134,24432.35
3135,14200.353
3136,44554.668
3137,20467.992
3138,15737.542
3139,23976.744
3140,10446.144
3141,10830.195
3142,32213.844
3143,20368.463
3144,69091.484
3145,10041.399
3146,14177.251
3147,41726.24
3148,14982.068
3149,26885.63
3150,25390.06
3151,19979.602
3152,26618.936
3153,21505.611
3154,43452.223
3155,25400.648
3156,22551.182
3157,21774.72
3158,16931.22
3159,17816.521
3160,22048.65
3161,41715.965
3162,15324.056
3163,19252.244
3164,21034.46
3165,14916.06
3166,33045.21
3167,21257.03
3168,19831.133
3169,21527.63
3170,46013.7
3171,39377.176
3172,21306.0
3173,24054.387
3174,25882.709
3175,57655.78
3176,12793.034
3177,24500.916
3178,21350.729
3179,26721.22
3180,27935.158
3181,23078.836
3182,22418.156
3183,37410.92
3184,32781.61
3185,26519.084
3186,26615.17
3187,14104.755
3188,28605.752
3189,25014.521
3190,16551.908
3191,18090.76
3192,25469.768
3193,18698.562
3194,18014.262
3195,12157.236
3196,14762.672
3197,23806.824
3198,24616.785
3199,21719.916
3200,37495.29
3201,21817.13
3202,29063.178
3203,27291.729
3204,31940.486
3205,32178.781
3206,16782.623
3207,14469.284
3208,35377.49
3209,14647.995
3210,12139.199
3211,32494.941
3212,40451.16
3213,46341.02
3214,23687.006
3215,23087.682
3216,11052.672
3217,19208.742
3218,32784.574
3219,23042.582
3220,26266.412
3221,27986.984
3222,41017.188
3223,14725.423
3224,16355.141
3225,28213.666
3226,23727.693
3227,21216.902
3228,21997.52
3229,21706.45
3230,33067.098
3231,30788.828
3232,20204.67
3233,10435.383
3234,26798.611
3235,17381.695
3236,16902.27
3237,19389.482
3238,24908.477
3239,11774.441
3240,33573.84
3241,39871.92
3242,36001.17
3243,53135.336
3244,10609.462
3245,49808.145
3246,30346.115
3247,27320.1
3248,14846.872
3249,37410.92
3250,27817.545
3251,129076.12
3252,15781.37
3253,18898.086
3254,24919.67
3255,31332.73
3256,19438.002
3257,32550.7
3258,13049.949
3259,27076.33
3260,39814.004
3261,122320.48
3262,32498.32
3263,19758.434
3264,25097.283
3265,27074.275
3266,25186.307
3267,11946.37
3268,10719.966
3269,16368.195
3270,21173.025
3271,9723.59
3272,24822.668
3273,25515.588
3274,40644.414
3275,25896.842
3276,30573.43
3277,10771.889
3278,26966.562
3279,40032.523
3280,70802.27
3281,29531.574
3282,22361.355
3283,23503.393
3284,15168.918
3285,12695.707
3286,22930.23
3287,39594.06
3288,13892.548
3289,25390.06
3290,15064.892
3291,21775.547
3292,35247.246
3293,20416.354
3294,13609.911
3295,43830.5
3296,23806.824
3297,15086.969
3298,12245.653
3299,11439.33
3300,29447.13
3301,13153.593
3302,37129.246
3303,10218.025
3304,16424.494
3305,6363.659
3306,26757.691
3307,21092.309
3308,48626.637
3309,25469.768
3310,43575.664
3311,11415.132
3312,9896.485
3313,85871.01
3314,25390.06
3315,15769.386
3316,38094.027
3317,13536.919
3318,19997.814
3319,32825.516
3320,26553.258
3321,53564.098
3322,25657.594
3323,15767.861
3324,8317.881
3325,17476.33
3326,26052.887
3327,38410.938
3328,25144.828
3329,45929.996
3330,24177.467
3331,36408.36
3332,11966.126
3333,17139.443
3334,28621.385
3335,22266.527
3336,16596.969
3337,26885.63
3338,20426.666
3339,50374.023
3340,33911.734
3341,17455.062
3342,14652.859
3343,30762.451
3344,19307.174
3345,22628.186
3346,22470.174
3347,54551.35
3348,24054.387
3349,28505.135
3350,34929.395
3351,21076.826
3352,12433.556
3353,16099.478
3354,17387.992
3355,20675.16
3356,16431.506
3357,17039.03
3358,13795.159
3359,27918.172
3360,90662.586
3361,16540.082
3362,15496.844
3363,13785.314
3364,23314.09
3365,21433.17
3366,25730.861
3367,21065.326
3368,30164.965
3369,15179.416
3370,30081.387
3371,27918.172
3372,24441.076
3373,41654.52
3374,31667.084
3375,23460.586
3376,18978.879
3377,12214.682
3378,23191.508
3379,16412.04
3380,16135.343
3381,23950.818
3382,31253.027
3383,23806.824
3384,18177.93
3385,26887.027
3386,30149.4
3387,31522.695
3388,11117.69
3389,10072.76
3390,20717.756
3391,21800.498
3392,51209.73
3393,91413.69
3394,17400.23
3395,24370.553
3396,18854.787
3397,27640.83
3398,16106.369
3399,26589.98
3400,21651.73
3401,14577.15
3402,61259.71
3403,31476.93
3404,13546.395
3405,14800.61
3406,23887.98
3407,37556.363
3408,102309.47
3409,14927.444
3410,85453.78
3411,11540.193
3412,27264.498
3413,20391.02
3414,12727.277
3415,26972.701
3416,13920.353
3417,32257.406
3418,47647.777
3419,10323.017
3420,15430.182
3421,36091.562
3422,31577.932
3423,16129.395
3424,34949.203
3425,31035.484
3426,13440.452
3427,15134.397
3428,85453.78
3429,17526.783
3430,11115.977
3431,38635.6
3432,12042.575
3433,12211.646
3434,11296.596
3435,31364.496
3436,37304.395
3437,26768.996
3438,59643.19
3439,12976.868
3440,19020.627
3441,21858.568
3442,23315.092
3443,49976.844
3444,21013.27
3445,16940.695
3446,28828.236
3447,18589.191
3448,24539.781
3449,26626.982
3450,23386.457
3451,18033.094
3452,23112.303
3453,33643.54
3454,12178.585
3455,34873.785
3456,26477.139
3457,14985.638
3458,28043.47
3459,13849.111
3460,41447.406
3461,11981.789
3462,47647.777
3463,32383.781
3464,17079.93
3465,21352.688
3466,18784.307
3467,37761.125
3468,13308.967
3469,25473.943
3470,27373.846
3471,15615.64
3472,16796.514
3473,21734.475
3474,31748.781
3475,19056.842
3476,17091.766
3477,25469.768
3478,36646.992
3479,11401.89
3480,12308.79
3481,20605.11
3482,31221.193
3483,15609.269
3484,11766.353
3485,14191.763
3486,24001.646
3487,83868.875
3488,29357.582
3489,8783.8125
3490,30935.713
3491,11968.856
3492,27986.984
3493,23955.77
3494,14770.463
3495,10434.067
3496,35442.06
3497,10865.997
3498,22709.588
3499,125754.19
3500,24112.045
3501,13101.481
3502,14876.427
3503,15644.567
3504,26323.041
3505,57230.79
3506,16557.443
3507,33307.348
3508,17269.795
3509,11742.015
3510,20698.932
3511,27373.846
3512,17334.34
3513,58931.918
3514,38642.383
3515,43034.52
3516,37612.93
3517,8850.4
3518,22486.031
3519,20663.943
3520,28516.95
3521,18713.521
3522,19585.365
3523,14503.541
3524,59994.277
3525,56502.52
3526,18247.62
3527,13595.025
3528,51631.47
3529,12751.038
3530,28021.479
3531,19903.23
3532,14075.45
3533,11710.118
3534,14098.968
3535,22443.75
3536,19047.049
3537,26519.084
3538,11924.671
3539,60864.17
3540,17600.928
3541,20365.996
3542,30225.74
3543,5580.865
3544,27288.367
3545,46941.2
3546,17451.13
3547,18049.246
3548,25473.943
3549,27522.295
3550,18516.363
3551,11399.083
3552,48422.22
3553,31423.43
3554,21223.705
3555,12355.376
3556,29063.178
3557,22061.838
3558,10470.634
3559,28743.611
3560,26737.422
3561,20275.209
3562,17649.295
3563,23694.951
3564,12383.986
3565,44557.34
3566,32846.715
3567,24893.727
3568,46341.02
3569,14287.675
3570,26196.828
3571,26885.63
3572,63751.81
3573,18835.47
3574,26100.068
3575,15335.364
3576,14585.068
3577,50755.395
3578,43260.145
3579,32184.643
3580,8828.485
3581,32542.36
3582,13011.989
3583,28738.203
3584,66894.305
3585,33962.598
3586,33417.93
3587,17286.521
3588,27534.965
3589,33938.492
3590,13253.24
3591,22593.42
3592,37410.92
3593,29140.283
3594,23264.207
3595,33693.035
3596,28017.865
3597,13938.729
3598,22485.021
3599,29012.143
3600,55694.85
3601,33685.875
3602,42210.938
3603,29542.34
3604,16567.88
3605,14966.607
3606,17424.35
3607,20269.037
3608,14797.299
3609,33054.69
3610,36347.75
3611,12315.816
3612,26946.14
3613,152212.45
3614,12750.152
3615,129076.12
3616,35501.164
3617,27760.504
3618,12060.844
3619,27760.504
3620,12208.61
3621,11361.333
3622,19115.549
3623,7953.5317
3624,32725.12
3625,27884.977
3626,19469.535
3627,31602.158
3628,27645.664
3629,11637.448
3630,27430.4
3631,19287.875
3632,21841.385
3633,30291.492
3634,17378.2
3635,15086.688
3636,31948.734
3637,23259.203
3638,15718.223
3639,16566.8
3640,17205.598
3641,10328.138
3642,40573.406
3643,32691.566
3644,109404.66
3645,7044.9126
3646,20391.02
3647,17352.965
3648,18693.523
3649,21940.121
3650,43936.477
3651,23501.227
3652,29226.016
3653,37410.92
3654,23955.77
3655,24747.146
3656,17958.6
3657,25390.06
3658,11790.015
3659,14537.231
3660,37489.637
3661,19475.105
3662,51698.895
3663,9551.561
3664,33163.066
3665,31541.516
3666,33703.723
3667,73461.76
3668,33592.547
3669,26519.084
3670,20690.451
3671,95837.28
3672,14694.368
3673,25957.2
3674,40886.28
3675,22714.064
3676,38487.55
3677,11118.9375
3678,27203.258
3679,32023.732
3680,20373.879
3681,15700.897
3682,10633.345
3683,26707.81
3684,47574.344
3685,42495.492
3686,13670.779
3687,23411.084
3688,12964.271
3689,41219.797
3690,20887.068
3691,15707.3545
3692,23727.693
3693,13808.51
3694,35823.324
3695,23782.424
3696,15410.324
3697,20970.885
3698,18629.592
3699,39261.656
3700,29591.861
3701,15194.691
3702,54581.914
3703,53285.016
3704,13020.468
3705,27817.545
3706,24448.938
3707,35052.293
3708,16353.241
3709,15922.104
3710,21428.576
3711,27734.604
3712,17248.498
3713,20905.754
3714,18747.371
3715,31109.709
3716,24919.67
3717,15516.917
3718,33880.23
3719,25549.994
3720,14857.147
3721,42451.92
3722,7761.9526
3723,28432.564
3724,69725.62
3725,19036.047
3726,11337.465
3727,32500.81
3728,14706.597
3729,9655.824
3730,7893.728
3731,13387.642
3732,31522.695
3733,11742.015
3734,25077.87
3735,27057.13
3736,30589.74
3737,11944.686
3738,12913.392
3739,11037.621
3740,19418.08
3741,11352.347
3742,15686.224
3743,15436.374
3744,18772.338
3745,18735.049
3746,12586.75
3747,24760.768
3748,69091.484
3749,38200.723
3750,49616.09
3751,13027.658
3752,41811.23
3753,29211.572
3754,31417.998
3755,22182.436
3756,26851.232
3757,13361.804
3758,24838.61
3759,27203.258
3760,28507.402
3761,89615.4
3762,23726.412
3763,21473.598
3764,32702.572
3765,16554.344
3766,81610.63
3767,15030.052
3768,28566.617
3769,22502.785
3770,9884.687
3771,58429.03
3772,37129.246
3773,47702.91
3774,11995.105
3775,35967.188
3776,13546.936
3777,16987.51
3778,27291.045
3779,35593.477
3780,29749.965
3781,23134.723
3782,15429.992
3783,28587.26
3784,67043.63
3785,22124.195
3786,16030.962
3787,24302.307
3788,14323.317
3789,178416.08
3790,19318.855
3791,15275.55
3792,10707.131
3793,17152.033
3794,19849.438
3795,42777.363
3796,14390.552
3797,13700.485
3798,18260.635
3799,30448.633
3800,39285.21
3801,36868.035
3802,30346.115
3803,36898.465
3804,47975.99
3805,13071.38
3806,23701.115
3807,31858.53
3808,20391.02
3809,17046.145
3810,33643.54
3811,38810.75
3812,55534.2
3813,27759.236
3814,12226.151
3815,47647.777
3816,16542.318
3817,17677.58
3818,35152.26
3819,53429.523
3820,15034.233
3821,22524.283
3822,40417.08
3823,23460.586
3824,22659.824
3825,21996.994
3826,74444.03
3827,32738.701
3828,19524.715
3829,27879.36
3830,22444.611
3831,19924.016
3832,24747.146
3833,14114.216
3834,21243.771
3835,9377.68
3836,41880.48
3837,32969.727
3838,15392.513
3839,13067.004
3840,24539.781
3841,33436.176
3842,15182.162
3843,27799.941
3844,12989.9795
3845,20814.19
3846,11856.681
3847,20105.527
3848,38760.34
3849,20275.209
3850,43302.23
3851,32808.992
3852,24041.842
3853,31849.777
3854,14849.513
3855,27373.846
3856,14688.921
3857,15083.985
3858,31529.184
3859,16164.684
3860,19119.281
3861,16491.412
3862,42308.246
3863,19374.828
3864,20238.607
3865,27076.33
3866,26852.805
3867,20367.258
3868,19505.84
3869,71684.086
3870,13415.067
3871,48615.75
3872,26164.422
3873,31461.307
3874,37167.164
3875,27667.973
3876,34671.15
3877,10702.939
3878,33307.348
3879,34332.156
3880,28995.33
3881,39504.13
3882,27986.984
3883,32948.29
3884,33619.715
3885,23634.432
3886,7536.0576
3887,30346.115
3888,44705.445
3889,8123.029
3890,30160.025
3891,27320.1
3892,19419.432
3893,86023.49
3894,42012.883
3895,19375.633
3896,27578.35
3897,11604.003
3898,15748.457
3899,12593.607
3900,46097.164
3901,98912.336
3902,68136.12
3903,16038.335
3904,21407.926
3905,33160.92
3906,21164.682
3907,34223.496
3908,34376.152
3909,14545.972
3910,15483.309
3911,19764.555
3912,16799.389
3913,26315.543
3914,42211.516
3915,44604.457
3916,17043.857
3917,41446.273
3918,12641.095
3919,29749.965
3920,41446.273
3921,12804.201
3922,16816.197
3923,11294.372
3924,27667.973
3925,13388.372
3926,20896.83
3927,57400.02
3928,21290.043
3929,41982.906
3930,55012.945
3931,16627.95
3932,20990.057
3933,9663.205
3934,18528.922
3935,23104.81
3936,32990.62
3937,19663.785
3938,41195.875
3939,16722.564
3940,154222.84
3941,30874.53
3942,14991.729
3943,33983.42
3944,39247.02
3945,35628.74
3946,28180.758
3947,17588.398
3948,23806.824
3949,42739.133
3950,25390.06
3951,42334.895
3952,56080.32
3953,31095.178
3954,34019.87
3955,20736.541
3956,21771.264
3957,18678.92
3958,28585.938
3959,15618.739
3960,28626.74
3961,15440.026
3962,43627.613
3963,23806.824
3964,41197.414
3965,26073.852
3966,14029.861
3967,49987.79
3968,22911.06
3969,31133.176
3970,86396.4
3971,25335.049
3972,19641.406
3973,22440.197
3974,20876.627
3975,12840.256
3976,39255.992
3977,15606.582
3978,32617.623
3979,38044.332
3980,28924.363
3981,23044.736
3982,14148.909
3983,17145.936
3984,14535.963
3985,20814.783
3986,19056.736
3987,10502.993
3988,25715.701
3989,39814.004
3990,109732.9
3991,21723.525
3992,57197.637
3993,16198.659
3994,48705.51
3995,31140.664
3996,41184.93
3997,27883.46
3998,14561.343
3999,27734.604
4000,17836.04
4001,47540.934
4002,12213.216
4003,36820.4
4004,25316.09
4005,23301.14
4006,14842.116
4007,16454.453
4008,30118.686
4009,39594.06
4010,25114.738
4011,12766.872
4012,18343.33
4013,33974.344
4014,51734.55
4015,33910.348
4016,26520.246
4017,17329.13
4018,16185.035
4019,40130.734
4020,19259.012
4021,59775.797
4022,19332.154
4023,10801.397
4024,31522.695
4025,28953.043
4026,18761.023
4027,37410.92
4028,25946.27
4029,32811.69
4030,164550.36
4031,27674.117
4032,9093.722
4033,54179.73
4034,24054.387
4035,24822.668
4036,32440.096
4037,66144.945
4038,42196.793
4039,31469.395
4040,32010.727
4041,101013.234
4042,33643.54
4043,18756.352
4044,24747.146
4045,11829.492
4046,18335.56
4047,31522.695
4048,31082.322
4049,27266.076
4050,21323.176
4051,16527.234
4052,9338.896
4053,13365.922
4054,12822.088
4055,19613.434
4056,20111.271
4057,119820.88
4058,17903.193
4059,12773.407
4060,13877.169
4061,34929.395
4062,13053.015
4063,28593.604
4064,48090.38
4065,14090.165
4066,9112.106
4067,22963.783
4068,24054.387
4069,16877.45
4070,149926.23
4071,13725.418
4072,21604.78
4073,25269.695
4074,26021.139
4075,30317.658
4076,12495.047
4077,41335.22
4078,37182.473
4079,17504.043
4080,9621.971
4081,17868.748
4082,56370.137
4083,18228.785
4084,23806.824
4085,24583.342
4086,7744.15
4087,15464.901
4088,21264.564
4089,29000.102
4090,23882.71
4091,13254.051
4092,40382.65
4093,16562.314
4094,66103.39
4095,76017.875
4096,38294.63
4097,16869.49
4098,14498.802
4099,39643.188
4100,16526.748
4101,33151.465
4102,12979.079
4103,14367.328
4104,19315.75
4105,41502.7
4106,10386.751
4107,32792.31
4108,20293.758
4109,32640.104
4110,32859.324
4111,15693.249
4112,58447.4
4113,18428.605
4114,14634.916
4115,22540.152
4116,26885.63
4117,36663.273
4118,13438.666
4119,16003.587
4120,33054.69
4121,33643.54
4122,16632.37
4123,10760.347
4124,33643.54
4125,20487.729
4126,12252.729
4127,26605.615
4128,37514.645
4129,16854.914
4130,20895.354
4131,25139.713
4132,24653.916
4133,23998.76
4134,19288.422
4135,26803.354
4136,17626.008
4137,19332.154
4138,9425.523
4139,48615.75
4140,39277.477
4141,167914.2
4142,39814.004
4143,47301.395
4144,22999.28
4145,14658.063
4146,10602.745
4147,28849.018
4148,12890.641
4149,153634.06
4150,23099.51
4151,62264.094
4152,21630.21
4153,8232.451
4154,15234.596
4155,21029.86
4156,7690.3867
4157,46732.637
4158,16563.453
4159,40859.727
4160,89186.6
4161,37410.92
4162,24280.58
4163,11243.438
4164,10945.549
4165,20008.254
4166,15902.845
4167,31471.504
4168,14543.476
4169,52009.984
4170,31392.74
4171,10233.237
4172,57197.637
4173,17071.62
4174,10465.087
4175,19423.182
4176,10389.098
4177,27076.33
4178,16664.377
4179,19839.367
4180,15212.397
4181,38935.934
4182,11141.291
4183,14395.693
4184,18453.77
4185,31173.105
4186,12560.127
4187,15219.532
4188,28094.227
4189,16885.639
4190,50842.297
4191,15698.6
4192,23806.824
4193,63215.72
4194,10189.321
4195,21204.229
4196,27013.695
4197,39189.336
4198,23588.867
4199,15783.48
4200,41305.45
4201,13853.219
4202,28477.566
4203,17448.303
4204,20830.059
4205,47574.344
4206,15511.09
4207,13730.908
4208,25225.828
4209,13716.449
4210,31305.91
4211,17271.752
4212,10679.105
4213,14322.851
4214,34659.184
4215,29879.492
4216,41359.414
4217,10735.037
4218,23281.75
4219,16000.429
4220,35807.875
4221,12659.657
4222,14642.447
4223,15558.466
4224,39814.004
4225,40310.027
4226,34940.344
4227,37410.92
4228,23013.996
4229,68202.234
4230,11046.271
4231,19840.53
4232,12588.509
4233,17657.209
4234,56172.465
4235,41947.816
4236,23806.824
4237,39814.004
4238,25469.768
4239,15825.82
4240,13557.113
4241,13323.214
4242,60515.117
4243,12385.092
4244,26492.078
4245,15943.965
4246,68926.51
4247,29050.082
4248,35524.75
4249,30346.115
4250,9736.379
4251,22478.898
4252,23311.664
4253,12353.717
4254,13190.034
4255,26633.602
4256,18761.957
4257,51507.77
4258,13802.647
4259,32980.18
4260,25442.707
4261,20371.746
4262,22610.285
4263,38235.133
4264,25760.182
4265,21573.295
4266,62491.375
4267,19112.88
4268,13686.589
4269,28382.283
4270,26466.973
4271,21743.545
4272,41195.875
4273,47089.082
4274,23503.393
4275,13235.536
4276,13449.617
4277,16323.188
4278,22781.078
4279,49414.44
4280,13440.455
4281,24297.037
4282,21394.967
4283,23667.879
4284,27203.258
4285,22183.307
4286,19492.307
4287,95381.37
4288,21479.385
4289,27747.598
4290,17922.834
4291,14301.708
4292,14743.432
4293,28953.043
4294,17379.752
4295,34889.457
4296,18471.236
4297,19215.338
4298,23727.693
4299,14437.991
4300,86251.71
4301,27696.193
4302,9883.628
4303,22491.281
4304,18612.428
4305,25931.047
4306,16261.607
4307,15723.333
4308,21799.514
4309,32453.695
4310,18873.928
4311,36711.176
4312,39129.555
4313,44791.133
4314,37451.438
4315,26852.805
4316,21343.682
4317,17009.574
4318,12909.138
4319,270153.88
4320,20248.145
4321,16075.528
4322,14402.194
4323,21544.379
4324,21542.432
4325,12236.828
4326,21744.572
4327,13761.002
4328,40547.742
4329,13626.226
4330,33552.445
4331,31728.902
4332,22276.098
4333,34452.47
4334,50777.164
4335,43260.145
4336,21618.398
4337,12547.174
4338,18925.363
4339,28947.428
4340,12621.505
4341,41213.418
4342,22540.152
4343,35990.656
4344,12901.703
4345,21560.576
4346,37643.82
4347,114422.8
4348,26071.951
4349,16440.783
4350,16944.969
4351,28094.227
4352,11124.41
4353,13371.074
4354,24747.146
4355,14869.612
4356,35965.082
4357,20707.156
4358,16727.016
4359,156487.34
4360,14376.088
4361,26912.25
4362,56542.18
4363,12725.406
4364,64277.42
4365,25850.203
4366,23654.705
4367,20701.688
4368,24302.307
4369,17490.086
4370,25690.72
4371,45788.83
4372,45410.6
4373,14236.33
4374,26316.766
4375,8166.861
4376,9011.208
4377,19749.406
4378,20119.545
4379,28180.758
4380,50791.688
4381,10123.995
4382,81140.14
4383,20531.86
4384,12760.442
4385,18387.592
4386,38966.945
4387,25433.264
4388,23410.693
4389,52596.24
4390,12275.318
4391,13502.926
4392,20737.316
4393,33629.703
4394,17326.902
4395,10371.917
4396,27817.545
4397,19215.098
4398,22340.54
4399,23037.568
4400,26163.912
4401,44350.07
4402,36018.16
4403,25425.416
4404,18712.992
4405,13641.586
4406,29952.715
4407,69580.37
4408,11478.377
4409,22750.002
4410,39594.06
4411,20145.709
4412,16978.662
4413,36541.797
4414,18387.084
4415,14305.248
4416,15091.163
4417,8746.615
4418,6571.4946
4419,21711.082
4420,11532.612
4421,14562.817
4422,28118.242
4423,39814.004
4424,14868.385
4425,27141.531
4426,11085.511
4427,37410.92
4428,26466.973
4429,23892.27
4430,17461.943
4431,25451.629
4432,32255.893
4433,29564.047
4434,21311.3
4435,16846.314
4436,22125.934
4437,20970.885
4438,57889.402
4439,42576.543
4440,22997.025
4441,20215.54
4442,22346.564
4443,17050.852
4444,9148.785
4445,10346.442
4446,11141.06
4447,27620.65
4448,34059.7
4449,23661.201
4450,26094.994
4451,25794.824
4452,33386.938
4453,15617.876
4454,30196.37
4455,39129.555
