id,Predicted_Price_USD
0,16985.871
1,40106.17
2,25060.414
3,41363.63
4,32861.08
5,11845.25
6,16453.357
7,39610.28
8,63621.344
9,18441.389
10,20432.705
11,45617.86
12,24625.938
13,14600.235
14,43511.133
15,9771.854
16,28288.465
17,14555.628
18,30449.805
19,25836.895
20,28746.215
21,15072.49
22,30101.105
23,34986.64
24,28901.508
25,15313.982
26,21656.088
27,32254.64
28,15481.944
29,18920.31
30,51884.14
31,34002.14
32,56269.08
33,30467.572
34,9878.983
35,15004.225
36,23641.062
37,38452.473
38,23703.424
39,14399.055
40,11083.203
41,73939.56
42,28219.943
43,50247.48
44,97359.805
45,24629.05
46,12754.339
47,22273.19
48,23425.754
49,30902.021
50,10614.489
51,12543.749
52,23184.775
53,19599.469
54,15055.426
55,16317.342
56,11193.427
57,53589.273
58,20849.443
59,11912.166
60,32137.787
61,12049.011
62,20331.19
63,21361.3
64,104773.41
65,30519.959
66,18098.357
67,27508.54
68,11929.537
69,18671.438
70,13208.804
71,28966.967
72,29006.707
73,24028.309
74,17934.771
75,29289.098
76,21377.383
77,10493.876
78,15044.494
79,16496.566
80,30662.117
81,20682.355
82,77782.445
83,22484.072
84,16627.79
85,18309.588
86,15899.293
87,35392.715
88,37027.664
89,14379.154
90,26989.947
91,26614.162
92,69895.05
93,30545.32
94,52588.71
95,14470.349
96,12205.098
97,24803.31
98,27471.242
99,12486.476
100,35803.855
101,19341.936
102,50247.48
103,23706.154
104,50397.28
105,32515.174
106,86873.38
107,26702.186
108,16385.76
109,17280.22
110,19602.74
111,14324.305
112,31441.717
113,32350.42
114,15485.526
115,16157.407
116,26495.756
117,15043.998
118,68752.51
119,14925.725
120,29708.19
121,49427.074
122,23290.832
123,26240.516
124,21263.633
125,18858.104
126,84498.516
127,28243.357
128,28225.982
129,49908.035
130,18609.951
131,63604.465
132,27861.6
133,16235.736
134,23037.477
135,19645.74
136,14513.904
137,13356.315
138,30228.158
139,26589.533
140,31610.129
141,30724.275
142,35756.76
143,37175.215
144,20828.34
145,31089.74
146,37886.484
147,19479.22
148,61265.008
149,11794.71
150,11549.34
151,34074.277
152,22732.373
153,32485.904
154,22957.598
155,40962.105
156,45756.457
157,27711.514
158,222325.3
159,25742.47
160,27818.924
161,14327.562
162,49744.363
163,12247.856
164,29619.496
165,75038.14
166,9260.0205
167,34369.64
168,39211.18
169,22913.021
170,30363.664
171,38985.61
172,29373.018
173,52941.92
174,18077.662
175,19713.318
176,20676.941
177,64073.95
178,15854.069
179,23508.527
180,26324.121
181,10216.46
182,19927.885
183,19804.787
184,16571.994
185,34809.137
186,44602.105
187,25920.715
188,15568.222
189,18876.117
190,45305.19
191,29202.03
192,27433.53
193,20698.635
194,19051.645
195,21814.627
196,13538.015
197,15836.948
198,30478.969
199,18329.148
200,21117.326
201,26120.295
202,20066.729
203,27105.422
204,27819.885
205,12247.856
206,20166.059
207,29741.592
208,21311.562
209,18007.299
210,28280.133
211,27179.857
212,39861.125
213,28428.596
214,13118.475
215,29117.33
216,27983.656
217,42988.75
218,29061.426
219,13219.435
220,30694.746
221,52740.04
222,34082.67
223,31233.854
224,13201.125
225,10746.03
226,37621.79
227,159390.8
228,31746.523
229,28711.318
230,54482.004
231,28641.018
232,28453.588
233,49122.01
234,24437.71
235,35846.848
236,56364.87
237,101075.61
238,50687.19
239,29364.236
240,33955.45
241,52843.562
242,16033.333
243,17951.865
244,28905.69
245,16421.785
246,16574.87
247,12828.322
248,27785.428
249,41091.26
250,16793.1
251,39622.86
252,17408.594
253,27641.51
254,28598.074
255,19160.264
256,14017.698
257,13755.037
258,22148.81
259,26852.486
260,19838.738
261,49593.207
262,11669.926
263,30911.793
264,74204.31
265,25485.959
266,44128.715
267,26539.549
268,27830.094
269,28674.857
270,24891.752
271,30050.709
272,29940.098
273,25587.186
274,56433.223
275,13008.331
276,15499.075
277,28606.266
278,35556.73
279,20061.893
280,13777.564
281,15106.499
282,11860.987
283,16677.049
284,18157.139
285,48552.15
286,17364.713
287,32503.725
288,28451.172
289,21421.016
290,17542.193
291,22883.826
292,15471.524
293,47023.09
294,13179.649
295,42499.938
296,55706.05
297,43134.875
298,17325.656
299,11134.47
300,30769.682
301,27838.904
302,30416.293
303,32437.465
304,57397.0
305,128296.67
306,21977.262
307,28811.535
308,19840.012
309,20680.488
310,25843.754
311,12296.662
312,32389.83
313,256827.08
314,27711.92
315,47806.195
316,35452.113
317,11846.417
318,24080.053
319,56737.195
320,16703.75
321,7105.1133
322,26317.53
323,43388.11
324,26412.24
325,38531.605
326,31897.4
327,28700.102
328,243498.22
329,27848.883
330,16029.126
331,35155.754
332,25590.984
333,18071.111
334,29248.244
335,23674.182
336,9378.624
337,25577.152
338,26037.424
339,18980.299
340,28278.846
341,20980.67
342,12985.99
343,22971.967
344,18183.623
345,26353.852
346,61273.047
347,22976.346
348,20954.82
349,26367.102
350,29164.018
351,18585.01
352,15496.353
353,12213.952
354,21561.902
355,44658.113
356,20399.361
357,23458.852
358,12857.131
359,24535.152
360,13229.0
361,29513.852
362,56310.58
363,13267.541
364,29694.418
365,12889.826
366,39663.68
367,10777.858
368,27849.07
369,24746.467
370,19687.506
371,21276.746
372,20379.041
373,12168.894
374,32544.484
375,27668.543
376,29951.604
377,17694.074
378,22523.318
379,12162.012
380,14908.127
381,62157.566
382,32720.922
383,11820.462
384,28897.238
385,30242.812
386,14833.812
387,28904.643
388,27220.469
389,27525.332
390,39416.742
391,21841.467
392,24587.979
393,30832.918
394,116075.71
395,25246.586
396,19229.586
397,47751.953
398,39380.535
399,36497.395
400,27873.54
401,18060.412
402,35787.363
403,38354.332
404,20341.422
405,14540.01
406,26971.508
407,15041.15
408,29074.145
409,26880.242
410,20697.71
411,14328.599
412,11488.704
413,37336.055
414,29789.45
415,17757.375
416,14470.349
417,25421.28
418,178583.34
419,15831.492
420,39276.926
421,10493.876
422,34417.816
423,29701.855
424,30714.967
425,30481.045
426,29038.688
427,30644.111
428,39681.145
429,20386.854
430,26306.709
431,25713.266
432,45475.566
433,21764.623
434,38169.484
435,39758.855
436,25719.363
437,41411.938
438,38356.805
439,27390.834
440,41800.176
441,15639.614
442,36875.05
443,29038.688
444,31506.031
445,31240.73
446,28269.79
447,31236.525
448,32745.186
449,13056.532
450,12558.141
451,112769.64
452,18100.852
453,42603.836
454,17678.879
455,22190.068
456,9316.6455
457,31228.803
458,67744.94
459,18681.17
460,24146.314
461,47655.234
462,55584.57
463,13780.15
464,17720.33
465,28886.4
466,22236.28
467,14644.269
468,34255.953
469,20633.49
470,28990.896
471,68661.59
472,15179.537
473,25879.969
474,27644.773
475,16278.358
476,39065.297
477,62467.684
478,30644.717
479,14228.7
480,65393.312
481,23811.115
482,26741.838
483,11930.002
484,16819.312
485,32971.812
486,30737.373
487,16805.19
488,30599.762
489,23823.834
490,14858.464
491,57065.547
492,16762.996
493,15183.381
494,23752.795
495,59706.293
496,15029.516
497,25167.787
498,31063.982
499,28628.578
500,12950.285
501,17921.305
502,28031.668
503,15123.48
504,32363.715
505,21271.66
506,30968.807
507,29177.17
508,19782.63
509,54616.207
510,31426.883
511,18208.326
512,29937.797
513,38011.113
514,23940.996
515,14040.257
516,30532.17
517,13741.76
518,27474.426
519,41870.312
520,34372.875
521,31641.393
522,33353.426
523,29281.357
524,38072.746
525,31400.002
526,34548.48
527,35595.15
528,26965.857
529,18473.598
530,25060.414
531,77779.74
532,43253.086
533,20137.691
534,30430.453
535,26499.725
536,31663.27
537,16798.834
538,63357.094
539,12821.994
540,19323.799
541,21608.732
542,9360.76
543,14863.34
544,17872.145
545,28506.926
546,16061.361
547,25343.123
548,16780.953
549,19901.385
550,18900.896
551,38113.293
552,34212.125
553,14881.725
554,26607.604
555,27757.21
556,41553.562
557,20222.863
558,31066.906
559,27680.977
560,22683.848
561,17433.72
562,25200.803
563,29390.14
564,30400.24
565,19818.854
566,38413.715
567,11137.049
568,24409.064
569,32884.64
570,19855.04
571,28146.637
572,51924.086
573,28288.273
574,20387.023
575,14803.259
576,37879.42
577,34094.5
578,11945.405
579,29708.676
580,23809.482
581,21181.45
582,23674.12
583,44414.977
584,55116.742
585,15306.783
586,11688.507
587,18088.832
588,44850.49
589,44886.73
590,33502.95
591,27150.234
592,50597.043
593,31459.314
594,20780.42
595,25195.166
596,24738.393
597,21785.459
598,13305.417
599,31294.35
600,29372.232
601,15321.824
602,28773.305
603,13243.896
604,23296.36
605,29808.47
606,46890.945
607,39933.2
608,25453.176
609,22514.969
610,15814.283
611,16995.836
612,9716.719
613,34541.684
614,13888.222
615,18561.19
616,65480.914
617,35003.758
618,26206.02
619,18941.709
620,41095.28
621,23035.365
622,25426.193
623,13329.629
624,14405.079
625,32835.273
626,14658.372
627,15572.531
628,605094.75
629,32643.658
630,15465.413
631,21487.852
632,57635.938
633,49245.1
634,18190.236
635,13751.778
636,26781.07
637,45293.723
638,54158.86
639,23645.44
640,35356.83
641,20025.684
642,20758.72
643,14191.064
644,25964.836
645,16191.856
646,17174.041
647,29811.027
648,16268.537
649,12570.901
650,18576.16
651,44941.473
652,27438.115
653,19612.916
654,25578.22
655,26271.674
656,28123.889
657,31051.695
658,11557.375
659,29681.588
660,47633.266
661,89612.555
662,19760.11
663,13201.125
664,28123.889
665,15108.421
666,33412.875
667,28674.857
668,36261.57
669,12711.0
670,34678.254
671,50433.35
672,16538.264
673,27930.396
674,41655.39
675,49045.734
676,33674.56
677,12013.043
678,27208.357
679,43977.656
680,27668.543
681,18984.527
682,20328.777
683,32904.645
684,14657.95
685,49985.945
686,17603.852
687,33052.855
688,16601.03
689,45443.23
690,38384.785
691,24987.135
692,30752.914
693,29145.889
694,22192.385
695,16066.504
696,21385.537
697,14173.688
698,12197.834
699,13736.444
700,12298.72
701,8198.784
702,22056.191
703,27656.87
704,15134.065
705,24758.68
706,19881.082
707,16426.822
708,17497.117
709,12632.067
710,38563.332
711,29062.328
712,30125.094
713,20902.951
714,20598.018
715,19474.041
716,34836.17
717,22113.174
718,14657.95
719,28552.912
720,13419.577
721,23509.648
722,16166.287
723,24119.867
724,39949.082
725,21193.95
726,20826.912
727,28397.693
728,21146.842
729,34892.824
730,34694.23
731,21566.11
732,10803.982
733,22103.111
734,16794.502
735,54534.867
736,21002.791
737,21830.82
738,43997.605
739,25850.559
740,26598.53
741,27005.406
742,11742.488
743,38356.75
744,22071.72
745,13786.48
746,43760.14
747,21371.309
748,29413.006
749,14069.517
750,14618.923
751,53195.36
752,32677.494
753,38352.56
754,21202.918
755,29637.207
756,22537.984
757,14545.399
758,29289.098
759,30386.668
760,12007.178
761,22299.152
762,22970.25
763,42095.805
764,27257.375
765,17822.557
766,29708.676
767,27727.0
768,16535.775
769,14544.807
770,13048.695
771,44036.508
772,18747.955
773,17912.873
774,24869.941
775,20138.559
776,13600.77
777,11138.688
778,35204.273
779,36515.87
780,11422.913
781,27629.47
782,26642.555
783,47438.44
784,18515.664
785,26191.744
786,34859.055
787,13067.767
788,30771.47
789,15361.108
790,26088.018
791,36072.13
792,33241.223
793,20324.6
794,16791.846
795,17556.67
796,15309.05
797,44851.96
798,34154.68
799,34099.38
800,35064.348
801,29853.525
802,26714.596
803,20954.82
804,38156.914
805,11773.13
806,19521.438
807,18132.322
808,31020.457
809,14594.37
810,17815.955
811,16302.614
812,18916.27
813,41693.125
814,30458.691
815,24912.8
816,36645.04
817,27073.863
818,16500.89
819,24225.805
820,31584.727
821,11942.926
822,28455.486
823,19363.033
824,56333.668
825,22456.314
826,20029.5
827,37991.65
828,14258.549
829,28036.027
830,28744.26
831,25940.707
832,21099.139
833,24171.262
834,25528.854
835,35207.5
836,22419.168
837,59004.383
838,16776.312
839,38412.945
840,29242.148
841,29374.74
842,35771.84
843,64509.195
844,13374.805
845,21034.764
846,35971.32
847,46816.85
848,16015.335
849,29221.582
850,12746.162
851,86674.43
852,48437.824
853,13772.547
854,28679.664
855,13487.418
856,13134.094
857,21828.547
858,31088.703
859,21096.47
860,14588.819
861,48782.26
862,30898.072
863,48650.67
864,19677.527
865,44406.555
866,16120.672
867,23905.54
868,31959.21
869,19050.299
870,21673.746
871,11770.887
872,24597.713
873,33832.266
874,27312.254
875,23864.928
876,13686.945
877,17988.305
878,17374.914
879,31012.11
880,12185.544
881,14266.397
882,19117.355
883,16689.246
884,25821.197
885,8938.214
886,15394.536
887,30922.402
888,30467.572
889,29134.633
890,16675.354
891,20329.535
892,13388.379
893,31969.197
894,34171.715
895,151867.55
896,43320.17
897,55235.855
898,18666.207
899,12522.405
900,20691.637
901,42865.89
902,15106.49
903,35452.113
904,30722.883
905,23139.545
906,31095.408
907,20535.078
908,18507.148
909,31884.281
910,30828.615
911,16077.398
912,36403.984
913,19619.27
914,17146.586
915,15096.711
916,15863.981
917,18525.15
918,30174.193
919,20102.904
920,30599.805
921,38182.51
922,19505.213
923,11028.408
924,13012.116
925,15199.898
926,58672.652
927,26796.113
928,15120.038
929,18180.227
930,36900.867
931,19624.93
932,39043.1
933,30251.996
934,52472.273
935,44077.73
936,23354.143
937,17272.521
938,17713.426
939,29804.191
940,28417.643
941,34657.56
942,14230.5
943,19835.055
944,22258.52
945,24918.152
946,20481.896
947,29134.203
948,19848.578
949,23890.473
950,29230.172
951,14922.099
952,38734.91
953,27826.74
954,43167.016
955,25314.74
956,19776.545
957,14997.074
958,11535.6
959,14955.662
960,28588.816
961,24320.375
962,30949.969
963,31053.482
964,29397.463
965,24992.512
966,9686.739
967,18342.232
968,21956.445
969,30386.377
970,28600.02
971,51293.477
972,18416.771
973,23233.334
974,19325.297
975,41294.074
976,29185.324
977,11481.95
978,33955.93
979,22206.088
980,27911.678
981,23683.355
982,16343.024
983,29037.771
984,22056.303
985,18192.639
986,31217.217
987,13110.39
988,12118.902
989,15050.719
990,27309.967
991,29721.088
992,14378.215
993,39325.363
994,11775.519
995,32644.92
996,27415.848
997,17126.455
998,27046.408
999,18860.545
1000,22736.088
1001,26506.025
1002,24646.254
1003,27234.852
1004,12098.324
1005,19976.527
1006,37567.215
1007,25843.639
1008,10063.692
1009,78849.96
1010,31649.148
1011,25486.342
1012,24317.916
1013,13004.795
1014,11070.869
1015,13369.031
1016,13821.111
1017,19471.963
1018,14028.361
1019,19162.758
1020,9720.613
1021,54482.004
1022,16014.094
1023,24548.168
1024,28072.008
1025,40562.816
1026,17853.787
1027,27513.172
1028,28294.77
1029,36238.887
1030,20927.55
1031,32201.666
1032,58237.977
1033,17961.568
1034,15858.1455
1035,46939.06
1036,17261.334
1037,18208.326
1038,104784.62
1039,11796.224
1040,29924.16
1041,21023.65
1042,13489.699
1043,16070.506
1044,14932.363
1045,39593.516
1046,24871.518
1047,13514.249
1048,19756.777
1049,29407.725
1050,80911.29
1051,16343.024
1052,38985.61
1053,88849.75
1054,15462.575
1055,23118.963
1056,24875.979
1057,16094.066
1058,14525.823
1059,30363.418
1060,15806.756
1061,42095.176
1062,27722.078
1063,20515.236
1064,60800.656
1065,13410.619
1066,18207.303
1067,38760.223
1068,22033.168
1069,78401.99
1070,28316.031
1071,28969.867
1072,39463.73
1073,12493.04
1074,57716.355
1075,41649.23
1076,15335.145
1077,29545.203
1078,25417.21
1079,13071.658
1080,18835.787
1081,23103.703
1082,26260.45
1083,12070.107
1084,20382.145
1085,27411.598
1086,26908.336
1087,19223.047
1088,57843.49
1089,22053.97
1090,21281.65
1091,19513.031
1092,35147.023
1093,22848.395
1094,20369.236
1095,28492.059
1096,17571.256
1097,32362.615
1098,31623.328
1099,37061.043
1100,17441.305
1101,22093.459
1102,32649.674
1103,22371.996
1104,96001.6
1105,25249.357
1106,18346.496
1107,55109.13
1108,24472.766
1109,21823.363
1110,26906.21
1111,31828.93
1112,16429.742
1113,34964.65
1114,29869.121
1115,25655.82
1116,19195.652
1117,47139.836
1118,19778.86
1119,21193.84
1120,42884.72
1121,35120.97
1122,25637.445
1123,29627.58
1124,24075.31
1125,31724.525
1126,16388.863
1127,15839.082
1128,14569.3
1129,27587.846
1130,49197.992
1131,12116.283
1132,16087.135
1133,20605.992
1134,13104.899
1135,23330.725
1136,19314.97
1137,17007.26
1138,31503.521
1139,24052.295
1140,31333.092
1141,24850.518
1142,41815.977
1143,13841.999
1144,23258.195
1145,16831.646
1146,29439.207
1147,31897.4
1148,21082.486
1149,38700.094
1150,29278.584
1151,25242.8
1152,11496.731
1153,31630.453
1154,31106.25
1155,67994.375
1156,45025.3
1157,9871.708
1158,33216.86
1159,26684.855
1160,29804.389
1161,26258.639
1162,33428.47
1163,18489.146
1164,27873.049
1165,21972.344
1166,12217.684
1167,28188.072
1168,26684.803
1169,16976.63
1170,21285.473
1171,28857.021
1172,16483.658
1173,19210.078
1174,59911.137
1175,18350.084
1176,27467.766
1177,21337.29
1178,12608.18
1179,28628.578
1180,25627.047
1181,31740.604
1182,28799.262
1183,16530.516
1184,13165.58
1185,45420.71
1186,36600.66
1187,47146.996
1188,31424.826
1189,28607.965
1190,44946.004
1191,31175.133
1192,27822.008
1193,29817.564
1194,52792.668
1195,17555.322
1196,31340.658
1197,21590.707
1198,23422.994
1199,19296.201
1200,29080.707
1201,20053.834
1202,39774.594
1203,41682.55
1204,21334.83
1205,19483.2
1206,27569.117
1207,41375.71
1208,45400.28
1209,18158.479
1210,32739.764
1211,17888.605
1212,19052.666
1213,21170.344
1214,29235.488
1215,37101.54
1216,41975.844
1217,25522.342
1218,25029.871
1219,13034.162
1220,14430.519
1221,32542.467
1222,35338.082
1223,19864.184
1224,30743.256
1225,13718.719
1226,28594.838
1227,20730.152
1228,13312.467
1229,24776.152
1230,56337.484
1231,22009.984
1232,20673.559
1233,20651.338
1234,25096.621
1235,26041.254
1236,13787.844
1237,35985.066
1238,29397.98
1239,23383.504
1240,23127.068
1241,28843.256
1242,33054.363
1243,29782.36
1244,34297.824
1245,32300.5
1246,69172.91
1247,17176.05
1248,22412.533
1249,22478.408
1250,11409.502
1251,18199.867
1252,26781.316
1253,35864.254
1254,12045.485
1255,27715.422
1256,15388.227
1257,56276.87
1258,17789.504
1259,41282.086
1260,15740.803
1261,34524.44
1262,76394.19
1263,27815.803
1264,31635.865
1265,33357.92
1266,42272.215
1267,16126.612
1268,9689.973
1269,30106.406
1270,30567.021
1271,34756.727
1272,27065.3
1273,17837.537
1274,16609.025
1275,25822.992
1276,52713.49
1277,27847.523
1278,23530.047
1279,16211.648
1280,12251.796
1281,25022.113
1282,14536.193
1283,18709.312
1284,21187.748
1285,20740.207
1286,15183.244
1287,13805.643
1288,33830.98
1289,26738.729
1290,12302.457
1291,26260.45
1292,19274.748
1293,35851.76
1294,16864.703
1295,21722.064
1296,79784.57
1297,16424.184
1298,128071.83
1299,24700.852
1300,24306.186
1301,42128.477
1302,19664.967
1303,36219.996
1304,17675.143
1305,33768.617
1306,49379.62
1307,15305.435
1308,15358.795
1309,20370.383
1310,19702.557
1311,16729.783
1312,61456.156
1313,24647.24
1314,22307.932
1315,32249.537
1316,20136.889
1317,35233.004
1318,34518.223
1319,28825.717
1320,17223.812
1321,12118.317
1322,38085.23
1323,10413.216
1324,17934.842
1325,76758.87
1326,21887.48
1327,14294.216
1328,30741.533
1329,30496.092
1330,30636.52
1331,11987.812
1332,28627.01
1333,43474.902
1334,42348.63
1335,18919.543
1336,30853.186
1337,26260.45
1338,19301.01
1339,26970.71
1340,14730.537
1341,41189.164
1342,20638.436
1343,20231.012
1344,24772.102
1345,30135.553
1346,28252.129
1347,32768.062
1348,21607.76
1349,16787.865
1350,18291.94
1351,21730.05
1352,36771.113
1353,25446.787
1354,16910.883
1355,11028.408
1356,23035.797
1357,45622.715
1358,18429.918
1359,31195.293
1360,65265.22
1361,31494.496
1362,40686.375
1363,18893.164
1364,30804.645
1365,19282.803
1366,28860.234
1367,35757.816
1368,9430.186
1369,13215.716
1370,26315.31
1371,37145.01
1372,13151.675
1373,13300.571
1374,25835.184
1375,25980.729
1376,27899.924
1377,32437.465
1378,28426.293
1379,41650.723
1380,45375.047
1381,36896.668
1382,23599.299
1383,110449.586
1384,18015.992
1385,53137.438
1386,44060.477
1387,16096.34
1388,27451.25
1389,17848.459
1390,77037.02
1391,12898.995
1392,25437.3
1393,30643.037
1394,18760.023
1395,28174.822
1396,31631.236
1397,63378.21
1398,77752.734
1399,37135.65
1400,39603.87
1401,21935.654
1402,16333.726
1403,52139.176
1404,31081.156
1405,30767.102
1406,49511.17
1407,22571.65
1408,40818.95
1409,26309.076
1410,20391.508
1411,29021.564
1412,19944.82
1413,52047.19
1414,169305.39
1415,47860.27
1416,42345.4
1417,31867.674
1418,16071.667
1419,30057.092
1420,27976.486
1421,16135.435
1422,19161.623
1423,32745.186
1424,18046.115
1425,36416.08
1426,24390.08
1427,30164.104
1428,28512.629
1429,35038.68
1430,25059.842
1431,20038.959
1432,19685.574
1433,31677.314
1434,31094.877
1435,29986.037
1436,25120.129
1437,17612.791
1438,18800.871
1439,25520.74
1440,12180.575
1441,19181.312
1442,12042.553
1443,29451.545
1444,45835.02
1445,16895.12
1446,36657.113
1447,40726.69
1448,43022.516
1449,20927.55
1450,27022.08
1451,35415.44
1452,28110.188
1453,27572.994
1454,16890.389
1455,31107.484
1456,8708.488
1457,47981.375
1458,124151.914
1459,14823.177
1460,8896.096
1461,12572.687
1462,49726.008
1463,53183.062
1464,19035.703
1465,30927.79
1466,30683.764
1467,20666.4
1468,52710.008
1469,132424.58
1470,36811.766
1471,25594.008
1472,29328.441
1473,17743.094
1474,54602.72
1475,37063.43
1476,19640.193
1477,30011.656
1478,24177.436
1479,19383.574
1480,22805.275
1481,14069.208
1482,49643.83
1483,63214.688
1484,27381.42
1485,28763.76
1486,77452.73
1487,21908.297
1488,17423.682
1489,11563.17
1490,43974.656
1491,20300.96
1492,25671.934
1493,38254.883
1494,86121.28
1495,35315.88
1496,54685.406
1497,11988.682
1498,27685.986
1499,29505.893
1500,32852.86
1501,43847.004
1502,11735.42
1503,23488.969
1504,31524.734
1505,24180.668
1506,36938.082
1507,30792.84
1508,28665.818
1509,31334.72
1510,27025.242
1511,16572.916
1512,12172.318
1513,24921.555
1514,32771.504
1515,27195.566
1516,40412.023
1517,39774.594
1518,31037.125
1519,32571.428
1520,19350.94
1521,17072.762
1522,19646.662
1523,14748.283
1524,31053.482
1525,41649.23
1526,12544.967
1527,27587.385
1528,33792.785
1529,15082.111
1530,22750.666
1531,28715.98
1532,18546.559
1533,52697.39
1534,24988.697
1535,31594.965
1536,13541.538
1537,38690.97
1538,30704.916
1539,27166.441
1540,20331.969
1541,13344.47
1542,25465.785
1543,28372.076
1544,43866.96
1545,29960.398
1546,26315.31
1547,28275.701
1548,26352.924
1549,35420.234
1550,28612.674
1551,34077.02
1552,30694.709
1553,10548.377
1554,19328.383
1555,40230.906
1556,34892.67
1557,21882.31
1558,25127.582
1559,28931.688
1560,14638.848
1561,27329.646
1562,49038.156
1563,38083.27
1564,18307.396
1565,44774.15
1566,22997.398
1567,29625.65
1568,16026.891
1569,29453.576
1570,24051.8
1571,22944.12
1572,15949.551
1573,11114.671
1574,46067.137
1575,21221.805
1576,28293.145
1577,17824.957
1578,41525.293
1579,35615.703
1580,21561.932
1581,33901.14
1582,10933.388
1583,12524.893
1584,47098.7
1585,11581.812
1586,27301.56
1587,27765.998
1588,32132.707
1589,38690.71
1590,24212.303
1591,42036.93
1592,14784.631
1593,10862.209
1594,24028.867
1595,17558.059
1596,35785.51
1597,22876.92
1598,15420.654
1599,28647.203
1600,42130.707
1601,35785.91
1602,28106.06
1603,22998.568
1604,18099.033
1605,52548.02
1606,12199.988
1607,59174.59
1608,18348.834
1609,75600.89
1610,34983.19
1611,20581.916
1612,27554.559
1613,110536.51
1614,23690.258
1615,40540.906
1616,26684.803
1617,16664.188
1618,28840.318
1619,44505.54
1620,32988.78
1621,14769.074
1622,17421.232
1623,30999.256
1624,28292.1
1625,20769.098
1626,32816.54
1627,28498.135
1628,15659.091
1629,32809.836
1630,28647.46
1631,24575.057
1632,10809.535
1633,12428.217
1634,28057.568
1635,10335.025
1636,11555.616
1637,38961.266
1638,11268.995
1639,19884.918
1640,23027.902
1641,28597.69
1642,117947.734
1643,15983.463
1644,28627.01
1645,22051.945
1646,29356.877
1647,25607.203
1648,26036.6
1649,19432.486
1650,27480.379
1651,28065.633
1652,32984.355
1653,32254.64
1654,42176.08
1655,26894.15
1656,20044.824
1657,16306.908
1658,12356.072
1659,35556.73
1660,44642.41
1661,21020.53
1662,9378.624
1663,15895.158
1664,16679.55
1665,27770.576
1666,47352.61
1667,37994.445
1668,30662.285
1669,12169.778
1670,32485.904
1671,25994.742
1672,22715.438
1673,39302.85
1674,19132.469
1675,14982.436
1676,48701.8
1677,14329.171
1678,12154.562
1679,27210.406
1680,63374.703
1681,62500.168
1682,27244.312
1683,19976.15
1684,22088.217
1685,34121.62
1686,13294.91
1687,19056.248
1688,11518.811
1689,15457.325
1690,31358.033
1691,27362.541
1692,16291.107
1693,15806.978
1694,40958.934
1695,27887.201
1696,38850.344
1697,19240.643
1698,15072.49
1699,28292.914
1700,36896.137
1701,12778.633
1702,11858.707
1703,28566.445
1704,39723.19
1705,36039.914
1706,18724.703
1707,32870.645
1708,33102.21
1709,12944.265
1710,32254.053
1711,19817.975
1712,62041.605
1713,14099.456
1714,10799.685
1715,35305.8
1716,26535.467
1717,28692.197
1718,14093.574
1719,16094.502
1720,42685.43
1721,60079.645
1722,43101.17
1723,16746.111
1724,22031.656
1725,62383.88
1726,86233.234
1727,79967.91
1728,14260.684
1729,27028.41
1730,14083.443
1731,28951.557
1732,45833.715
1733,134190.4
1734,31118.28
1735,19964.365
1736,19291.129
1737,16192.372
1738,18335.508
1739,39058.35
1740,11917.242
1741,21998.148
1742,36041.566
1743,17663.76
1744,27550.258
1745,55617.027
1746,32331.2
1747,24061.615
1748,34304.812
1749,27184.799
1750,35513.887
1751,18031.516
1752,16386.639
1753,19022.828
1754,29751.889
1755,23323.514
1756,25005.512
1757,38527.65
1758,31840.486
1759,29506.629
1760,71617.586
1761,13397.93
1762,55237.598
1763,24862.637
1764,29251.973
1765,52070.59
1766,27417.852
1767,28659.652
1768,15605.606
1769,52326.99
1770,30163.691
1771,8990.348
1772,28845.365
1773,43934.21
1774,18900.715
1775,19497.795
1776,29989.494
1777,29028.264
1778,51646.707
1779,54275.81
1780,17179.428
1781,15614.059
1782,44199.16
1783,24530.28
1784,22910.705
1785,17776.918
1786,24574.51
1787,13070.199
1788,28220.775
1789,36390.84
1790,32738.143
1791,22360.22
1792,29407.213
1793,37166.402
1794,24275.666
1795,17914.95
1796,55811.832
1797,41523.086
1798,32351.652
1799,27635.885
1800,55366.363
1801,24585.4
1802,14728.981
1803,13803.015
1804,41168.637
1805,23860.312
1806,26868.693
1807,35460.742
1808,23594.201
1809,14963.377
1810,17736.906
1811,29009.676
1812,22840.154
1813,27856.645
1814,109744.016
1815,34001.973
1816,41665.773
1817,32669.217
1818,40606.99
1819,20011.025
1820,22335.545
1821,19705.404
1822,32350.42
1823,25132.148
1824,21179.434
1825,38501.953
1826,32239.963
1827,31520.506
1828,26260.45
1829,33837.64
1830,18009.502
1831,23605.355
1832,46482.543
1833,53923.38
1834,26920.555
1835,24397.225
1836,33732.78
1837,34154.68
1838,26908.855
1839,38985.61
1840,65255.797
1841,23696.582
1842,20356.188
1843,14004.878
1844,16650.393
1845,28485.77
1846,18058.805
1847,57345.668
1848,29293.4
1849,30204.168
1850,13945.27
1851,10833.44
1852,15081.729
1853,22838.174
1854,15179.363
1855,17654.066
1856,16525.602
1857,19700.625
1858,28446.012
1859,31684.936
1860,21336.854
1861,13727.595
1862,56670.21
1863,30249.42
1864,10596.598
1865,24488.764
1866,25451.613
1867,12744.334
1868,13450.912
1869,27678.096
1870,31172.64
1871,25808.396
1872,17962.396
1873,10825.815
1874,29405.67
1875,30626.713
1876,23025.275
1877,25384.918
1878,25070.064
1879,51226.71
1880,19677.979
1881,22800.688
1882,22130.713
1883,26425.898
1884,46960.344
1885,32061.957
1886,26256.932
1887,8598.716
1888,90377.766
1889,25144.125
1890,41130.504
1891,56107.305
1892,41898.93
1893,17532.158
1894,21176.172
1895,20530.625
1896,29716.375
1897,31721.12
1898,13172.983
1899,27292.574
1900,13687.235
1901,30525.545
1902,31181.209
1903,12697.389
1904,41318.316
1905,50891.273
1906,21305.963
1907,29288.402
1908,23275.986
1909,14963.404
1910,19390.285
1911,11365.088
1912,19103.379
1913,16360.443
1914,23924.018
1915,28178.94
1916,49890.836
1917,42296.344
1918,16334.987
1919,21508.059
1920,13731.461
1921,10606.321
1922,28614.379
1923,46143.125
1924,40921.11
1925,9462.209
1926,15847.784
1927,37787.125
1928,20028.492
1929,27783.986
1930,22907.748
1931,27975.4
1932,28391.475
1933,16517.473
1934,24866.172
1935,40708.984
1936,16207.14
1937,19386.828
1938,11679.879
1939,27320.814
1940,32729.215
1941,12768.709
1942,21173.408
1943,23249.932
1944,9704.53
1945,41450.66
1946,26989.867
1947,19924.113
1948,31951.986
1949,49512.523
1950,23799.951
1951,16386.102
1952,23073.598
1953,42784.414
1954,22320.635
1955,40762.72
1956,31911.256
1957,11564.565
1958,13949.61
1959,34096.66
1960,14354.784
1961,39237.832
1962,20966.207
1963,18284.611
1964,37352.617
1965,40114.137
1966,15787.822
1967,15232.442
1968,25883.553
1969,15962.654
1970,14550.604
1971,30829.76
1972,25566.295
1973,51541.64
1974,34270.78
1975,49541.145
1976,19515.066
1977,45136.887
1978,12248.971
1979,16812.771
1980,34362.492
1981,39758.44
1982,15674.971
1983,15722.516
1984,13517.754
1985,45127.992
1986,27150.234
1987,68814.92
1988,37890.883
1989,13406.443
1990,35625.273
1991,23206.988
1992,19977.65
1993,31661.842
1994,20807.709
1995,24927.16
1996,19738.742
1997,37594.297
1998,68394.055
1999,12150.025
2000,15029.041
2001,40197.285
2002,35972.2
2003,22185.172
2004,18809.104
2005,22031.656
2006,34207.973
2007,29759.889
2008,28269.99
2009,28615.975
2010,9910.552
2011,14566.455
2012,14992.102
2013,35815.918
2014,21056.27
2015,17270.736
2016,19587.875
2017,15737.991
2018,39411.316
2019,17901.451
2020,19786.174
2021,60501.848
2022,42043.418
2023,20795.809
2024,28321.275
2025,15839.082
2026,31756.621
2027,36663.13
2028,19236.498
2029,25293.79
2030,22206.088
2031,120750.375
2032,31063.467
2033,14819.708
2034,10944.817
2035,28754.152
2036,29078.62
2037,26679.465
2038,26813.7
2039,31748.984
2040,22484.215
2041,26906.023
2042,11472.871
2043,27668.543
2044,9605.669
2045,34788.402
2046,24677.494
2047,29044.123
2048,15955.126
2049,20037.643
2050,27139.838
2051,29303.766
2052,44842.957
2053,12926.051
2054,18835.787
2055,16252.999
2056,28655.71
2057,25447.588
2058,11534.367
2059,16619.38
2060,11736.012
2061,12042.553
2062,27978.592
2063,14439.763
2064,26230.436
2065,14526.348
2066,16597.963
2067,28842.758
2068,18664.537
2069,11631.033
2070,13258.806
2071,13810.174
2072,26094.975
2073,39224.97
2074,32431.822
2075,13640.16
2076,17669.568
2077,18720.873
2078,30117.34
2079,18357.67
2080,10347.662
2081,29061.365
2082,28800.996
2083,52123.668
2084,27779.414
2085,12840.768
2086,16378.344
2087,27801.088
2088,26577.238
2089,12926.147
2090,36387.406
2091,13754.986
2092,10689.812
2093,41953.758
2094,13732.043
2095,18966.742
2096,39120.445
2097,30043.01
2098,33131.46
2099,36177.836
2100,14249.186
2101,41360.793
2102,25025.014
2103,31485.516
2104,26689.266
2105,24150.828
2106,20970.508
2107,22507.953
2108,13400.798
2109,52297.16
2110,16343.024
2111,56965.84
2112,16115.509
2113,16424.537
2114,33230.36
2115,12776.48
2116,16612.8
2117,22117.678
2118,14627.2
2119,38568.566
2120,13261.487
2121,27104.008
2122,20479.938
2123,14972.808
2124,25240.82
2125,11392.684
2126,22847.785
2127,46480.785
2128,41279.27
2129,49058.305
2130,18795.44
2131,15157.956
2132,31529.445
2133,9902.643
2134,31781.598
2135,39910.066
2136,35846.848
2137,20513.543
2138,28983.863
2139,12030.167
2140,37528.7
2141,19158.357
2142,50565.996
2143,11414.878
2144,21577.322
2145,15218.807
2146,11229.895
2147,19527.623
2148,13281.296
2149,37066.594
2150,25630.344
2151,14992.597
2152,23203.463
2153,8896.096
2154,15822.007
2155,32043.42
2156,14503.833
2157,35971.32
2158,44905.14
2159,24106.602
2160,20769.605
2161,47262.03
2162,30465.809
2163,18545.271
2164,24854.443
2165,28414.467
2166,36176.184
2167,15257.6875
2168,30127.797
2169,19388.498
2170,24314.293
2171,44729.973
2172,41812.51
2173,18533.926
2174,14434.995
2175,24665.293
2176,26899.111
2177,26136.617
2178,10826.553
2179,18902.691
2180,36186.676
2181,67130.12
2182,15862.259
2183,30476.932
2184,20230.605
2185,15059.976
2186,32333.098
2187,14854.43
2188,26266.34
2189,37406.75
2190,37358.94
2191,40278.598
2192,25937.445
2193,39302.152
2194,21826.523
2195,30127.236
2196,20778.748
2197,55429.81
2198,24527.148
2199,22720.082
2200,28823.38
2201,20925.004
2202,12176.562
2203,28163.494
2204,17325.03
2205,30302.104
2206,26089.404
2207,43052.535
2208,16685.56
2209,18741.215
2210,35594.08
2211,14458.566
2212,19478.752
2213,31699.623
2214,13071.658
2215,14945.493
2216,29273.65
2217,33450.582
2218,14038.433
2219,19628.99
2220,29744.717
2221,31300.477
2222,24538.676
2223,12963.403
2224,45896.09
2225,24418.064
2226,29298.62
2227,11449.673
2228,15197.727
2229,29378.96
2230,12183.946
2231,29815.818
2232,22373.287
2233,30958.236
2234,57532.89
2235,26887.38
2236,13406.869
2237,25044.887
2238,18982.502
2239,41069.22
2240,31446.855
2241,186455.52
2242,10740.708
2243,25940.422
2244,14167.343
2245,30258.879
2246,16982.762
2247,41250.34
2248,30329.416
2249,19817.975
2250,64089.6
2251,21990.023
2252,26253.125
2253,27434.324
2254,10156.853
2255,30590.92
2256,19126.438
2257,17746.998
2258,32402.053
2259,23278.803
2260,39185.285
2261,11594.609
2262,16383.714
2263,29134.646
2264,44494.797
2265,24432.049
2266,15475.222
2267,28110.305
2268,18077.703
2269,34113.652
2270,21722.064
2271,12897.509
2272,29185.38
2273,35972.2
2274,42309.91
2275,14011.025
2276,56907.223
2277,17037.318
2278,28328.574
2279,17878.203
2280,21891.016
2281,29784.438
2282,31704.236
2283,23761.252
2284,11236.085
2285,27883.076
2286,41069.22
2287,14623.45
2288,23233.334
2289,60282.73
2290,61271.098
2291,24744.344
2292,12831.575
2293,10295.204
2294,21003.71
2295,31946.895
2296,37104.453
2297,33607.887
2298,14594.65
2299,35490.184
2300,14336.493
2301,43254.688
2302,11340.261
2303,14614.445
2304,14685.974
2305,25514.484
2306,47373.81
2307,21642.994
2308,30401.555
2309,135725.95
2310,51754.133
2311,55011.18
2312,10876.504
2313,32284.572
2314,22085.898
2315,26264.45
2316,22568.477
2317,15835.315
2318,25065.12
2319,23151.314
2320,26209.186
2321,12820.949
2322,29643.877
2323,33168.484
2324,22966.883
2325,12335.847
2326,29698.979
2327,25293.79
2328,29571.795
2329,18692.945
2330,79218.68
2331,28462.088
2332,33497.562
2333,39302.152
2334,28926.77
2335,20291.08
2336,26203.945
2337,22009.383
2338,29134.203
2339,31099.047
2340,88457.836
2341,37523.37
2342,34343.543
2343,18813.436
2344,19068.652
2345,32735.578
2346,20585.678
2347,29415.648
2348,36809.746
2349,28765.287
2350,24142.93
2351,29451.545
2352,12226.613
2353,36517.996
2354,66905.93
2355,15027.004
2356,15671.454
2357,35524.145
2358,114693.82
2359,16794.502
2360,26639.365
2361,28776.73
2362,26608.625
2363,26704.945
2364,25508.7
2365,16052.581
2366,15654.292
2367,19383.574
2368,33412.875
2369,39760.895
2370,27767.148
2371,16343.024
2372,22145.068
2373,21469.654
2374,19505.127
2375,20651.338
2376,45178.934
2377,30022.682
2378,86699.46
2379,32300.156
2380,28863.42
2381,38760.37
2382,45212.49
2383,28372.89
2384,41960.3
2385,29421.914
2386,30859.578
2387,18293.959
2388,28532.4
2389,26590.49
2390,21729.576
2391,25667.127
2392,26513.654
2393,30682.236
2394,56792.496
2395,41736.49
2396,29418.537
2397,24485.42
2398,31323.053
2399,39383.957
2400,23918.36
2401,36775.504
2402,63214.688
2403,48024.875
2404,57209.062
2405,15168.87
2406,54264.66
2407,35445.047
2408,82556.03
2409,35113.875
2410,28203.064
2411,18246.637
2412,49092.617
2413,27317.994
2414,33775.414
2415,29312.064
2416,41014.477
2417,26852.486
2418,13182.359
2419,30776.113
2420,35846.848
2421,10724.872
2422,21258.715
2423,23588.21
2424,19073.531
2425,23765.986
2426,18917.115
2427,16292.294
2428,59599.17
2429,28266.453
2430,21301.834
2431,20625.623
2432,25913.467
2433,23493.947
2434,46759.89
2435,13818.525
2436,20667.818
2437,20871.707
2438,27840.021
2439,17818.65
2440,100589.49
2441,17021.78
2442,17813.691
2443,43843.96
2444,16424.537
2445,41450.66
2446,27766.441
2447,12540.228
2448,26803.102
2449,167202.48
2450,31949.715
2451,14653.252
2452,31223.428
2453,57280.03
2454,16828.607
2455,14815.221
2456,27509.406
2457,68424.625
2458,22757.434
2459,25864.828
2460,14394.23
2461,12767.492
2462,24096.13
2463,12953.694
2464,17246.422
2465,26260.45
2466,31053.482
2467,70026.414
2468,23381.342
2469,15383.906
2470,25004.383
2471,26294.15
2472,73703.73
2473,42526.375
2474,46967.215
2475,32479.76
2476,35573.934
2477,20697.004
2478,10716.664
2479,18377.316
2480,26713.555
2481,28401.498
2482,23839.799
2483,31504.324
2484,14196.354
2485,23577.951
2486,31950.623
2487,15999.849
2488,25904.406
2489,28270.65
2490,14327.212
2491,12985.99
2492,18172.535
2493,13595.176
2494,10414.772
2495,38312.53
2496,16625.752
2497,31307.479
2498,41454.99
2499,28284.42
2500,18984.527
2501,27904.494
2502,14392.625
2503,22179.135
2504,15216.402
2505,29251.684
2506,20194.71
2507,27826.74
2508,23163.152
2509,23131.488
2510,28041.076
2511,22215.17
2512,26942.65
2513,16415.016
2514,25816.625
2515,21556.506
2516,19546.484
2517,35182.746
2518,17922.555
2519,17723.283
2520,34442.875
2521,22408.734
2522,10263.3125
2523,94574.31
2524,10811.066
2525,38902.3
2526,12911.88
2527,16941.93
2528,14377.233
2529,11259.565
2530,17939.16
2531,51001.008
2532,19817.537
2533,16184.432
2534,29585.703
2535,34545.816
2536,14979.575
2537,12563.527
2538,20328.084
2539,13545.855
2540,18612.346
2541,30105.607
2542,33509.72
2543,19461.87
2544,18709.334
2545,16751.91
2546,30829.748
2547,17978.545
2548,9055.102
2549,27376.17
2550,83935.65
2551,29836.975
2552,77146.63
2553,27920.146
2554,21714.457
2555,24347.527
2556,29879.66
2557,33850.61
2558,58780.42
2559,29758.031
2560,12073.508
2561,16473.71
2562,20298.066
2563,110536.51
2564,29993.592
2565,15500.777
2566,8564.834
2567,42820.066
2568,24755.512
2569,32142.373
2570,26795.336
2571,42741.035
2572,14712.403
2573,20484.371
2574,41773.89
2575,17585.188
2576,45591.984
2577,45574.863
2578,18492.664
2579,19840.924
2580,29194.275
2581,12544.967
2582,31245.09
2583,15728.571
2584,23709.24
2585,15157.647
2586,27219.695
2587,38110.496
2588,27590.547
2589,24924.586
2590,45164.05
2591,11043.417
2592,27322.227
2593,61267.99
2594,12578.543
2595,33255.008
2596,16703.475
2597,20237.443
2598,13701.231
2599,10597.909
2600,37316.17
2601,44016.168
2602,18858.375
2603,63731.95
2604,39710.656
2605,13427.103
2606,38349.52
2607,68190.31
2608,21381.203
2609,41267.836
2610,12518.409
2611,50998.07
2612,30416.293
2613,29473.145
2614,31939.887
2615,19260.127
2616,17820.822
2617,11290.579
2618,19123.588
2619,26843.986
2620,20434.812
2621,13517.754
2622,19709.664
2623,31474.496
2624,32860.918
2625,22088.896
2626,23819.785
2627,31136.918
2628,20587.244
2629,20053.834
2630,10751.821
2631,34734.074
2632,18304.445
2633,81020.42
2634,55970.85
2635,9525.155
2636,13926.774
2637,24650.7
2638,16469.46
2639,24819.41
2640,19529.19
2641,43623.51
2642,17006.697
2643,14453.6
2644,28236.568
2645,21462.049
2646,31766.527
2647,50471.63
2648,27320.76
2649,27924.787
2650,68190.11
2651,28472.129
2652,16917.572
2653,11213.579
2654,15335.61
2655,29339.818
2656,16322.509
2657,32529.617
2658,14854.43
2659,22218.455
2660,31666.31
2661,27484.29
2662,20898.889
2663,21962.664
2664,38356.805
2665,65494.668
2666,28852.648
2667,24082.18
2668,47586.234
2669,25852.277
2670,23065.426
2671,29060.96
2672,18028.91
2673,25351.299
2674,9887.326
2675,29454.541
2676,28442.357
2677,31951.986
2678,30961.14
2679,41148.766
2680,20579.365
2681,20577.393
2682,25275.723
2683,9986.79
2684,30988.676
2685,44381.86
2686,31664.15
2687,48380.145
2688,25606.592
2689,21030.611
2690,31452.174
2691,23886.701
2692,15524.364
2693,31924.021
2694,35234.402
2695,19494.652
2696,34857.86
2697,13562.143
2698,10953.324
2699,15182.561
2700,32884.64
2701,31656.607
2702,11475.818
2703,26464.846
2704,18361.303
2705,8936.668
2706,23259.59
2707,39907.08
2708,60914.375
2709,27968.57
2710,29850.5
2711,38456.07
2712,15614.013
2713,27042.613
2714,11547.548
2715,36322.348
2716,13353.029
2717,9689.254
2718,74171.69
2719,40214.16
2720,45880.582
2721,19422.287
2722,22148.81
2723,49202.69
2724,16481.506
2725,41558.832
2726,27132.035
2727,21176.172
2728,32647.738
2729,31339.05
2730,19264.7
2731,27943.596
2732,39065.297
2733,75023.516
2734,23509.648
2735,60764.2
2736,17895.969
2737,15785.504
2738,27171.77
2739,24906.404
2740,27910.729
2741,18275.121
2742,13052.404
2743,18118.305
2744,12077.52
2745,30183.49
2746,22888.842
2747,34992.67
2748,16130.377
2749,129203.22
2750,12157.364
2751,52152.418
2752,16686.816
2753,29521.875
2754,15197.727
2755,33763.883
2756,18920.621
2757,28067.14
2758,19847.424
2759,22713.111
2760,20453.504
2761,42443.258
2762,30100.924
2763,25465.785
2764,40011.043
2765,41104.113
2766,9902.643
2767,51262.51
2768,18221.986
2769,9250.96
2770,23551.672
2771,24030.287
2772,18042.41
2773,12842.247
2774,32050.848
2775,38985.61
2776,45501.008
2777,17233.904
2778,41208.676
2779,32212.457
2780,59672.082
2781,45164.676
2782,40700.543
2783,43320.29
2784,25252.277
2785,14899.453
2786,19161.93
2787,17071.686
2788,25795.662
2789,87139.02
2790,19053.873
2791,28472.129
2792,16929.328
2793,30102.85
2794,34867.39
2795,26023.611
2796,13828.79
2797,20803.229
2798,37477.13
2799,48407.9
2800,84388.45
2801,38156.523
2802,29701.16
2803,31833.863
2804,32242.951
2805,44719.926
2806,30751.422
2807,15530.176
2808,29134.633
2809,28258.8
2810,36612.38
2811,18798.848
2812,38523.06
2813,17341.984
2814,12677.346
2815,20783.186
2816,22650.34
2817,18998.865
2818,20982.357
2819,29767.814
2820,14426.893
2821,36017.473
2822,30683.324
2823,18924.92
2824,15464.903
2825,43693.293
2826,46091.715
2827,14639.388
2828,27883.076
2829,9791.3
2830,18090.04
2831,8895.911
2832,23842.535
2833,19761.746
2834,14534.311
2835,28517.414
2836,19329.354
2837,28397.693
2838,12176.562
2839,40442.152
2840,14358.328
2841,21270.5
2842,17542.104
2843,24494.611
2844,29868.898
2845,34361.32
2846,20869.34
2847,31116.535
2848,21965.857
2849,25205.441
2850,29123.916
2851,12636.1
2852,27695.56
2853,30722.883
2854,36304.13
2855,30194.352
2856,31361.94
2857,17403.385
2858,39251.324
2859,111657.875
2860,30963.215
2861,28337.496
2862,24263.72
2863,17607.037
2864,45485.137
2865,47690.2
2866,31635.348
2867,13936.305
2868,90935.83
2869,30035.54
2870,66516.4
2871,30455.309
2872,37660.645
2873,40760.074
2874,27924.992
2875,14352.77
2876,27730.959
2877,26165.58
2878,17268.936
2879,12098.059
2880,30025.947
2881,32623.977
2882,14194.319
2883,29743.893
2884,35266.125
2885,16579.35
2886,17653.32
2887,38076.074
2888,21409.076
2889,19593.898
2890,24885.148
2891,19291.951
2892,30085.732
2893,8831.273
2894,12230.405
2895,16913.598
2896,16235.956
2897,20425.713
2898,33015.066
2899,20183.625
2900,15847.659
2901,18282.742
2902,38622.1
2903,236480.23
2904,17237.475
2905,28954.752
2906,26988.037
2907,21915.344
2908,13896.631
2909,13538.015
2910,48419.19
2911,17683.62
2912,40715.63
2913,15095.529
2914,26959.596
2915,29212.93
2916,44891.05
2917,91494.55
2918,14840.326
2919,21409.076
2920,26896.38
2921,12284.549
2922,22757.77
2923,12135.306
2924,11415.712
2925,22758.451
2926,23968.258
2927,13330.133
2928,18855.39
2929,15328.715
2930,15931.946
2931,38148.453
2932,14158.693
2933,45622.715
2934,10380.857
2935,21592.146
2936,71615.07
2937,32696.307
2938,12673.936
2939,18006.51
2940,55926.742
2941,48906.55
2942,28234.86
2943,14522.088
2944,13896.603
2945,13368.885
2946,33036.348
2947,42036.93
2948,28781.182
2949,35877.703
2950,24677.395
2951,69222.555
2952,16403.422
2953,19697.291
2954,24559.625
2955,39128.418
2956,30945.986
2957,16929.19
2958,21669.584
2959,83730.69
2960,35120.06
2961,28289.168
2962,24706.379
2963,14646.224
2964,33259.38
2965,14093.359
2966,22594.44
2967,17512.64
2968,21819.346
2969,39314.543
2970,29061.398
2971,17726.73
2972,17436.352
2973,28701.332
2974,29569.236
2975,30768.373
2976,30729.803
2977,13023.568
2978,24819.41
2979,11916.92
2980,32128.123
2981,23160.457
2982,43308.17
2983,46303.535
2984,13355.214
2985,49144.69
2986,25615.045
2987,35986.98
2988,28520.678
2989,40721.16
2990,18292.654
2991,27847.404
2992,32745.186
2993,18902.443
2994,18690.033
2995,16046.921
2996,57164.176
2997,15357.223
2998,49294.51
2999,30957.475
3000,42588.98
3001,25644.123
3002,27232.738
3003,9966.843
3004,53356.945
3005,32011.02
3006,17007.293
3007,29804.389
3008,26356.555
3009,18386.38
3010,16035.849
3011,60023.484
3012,121256.71
3013,18169.781
3014,23705.78
3015,17241.34
3016,20882.008
3017,27889.846
3018,21269.086
3019,16745.791
3020,39292.504
3021,12467.076
3022,28877.768
3023,32029.107
3024,27121.77
3025,19953.4
3026,28226.084
3027,38731.21
3028,23301.826
3029,27209.719
3030,41294.074
3031,27978.592
3032,17294.352
3033,9318.658
3034,17764.76
3035,28134.584
3036,25602.627
3037,29443.771
3038,22139.652
3039,12511.262
3040,11550.262
3041,41278.246
3042,33161.8
3043,94774.18
3044,12423.354
3045,14370.508
3046,17252.99
3047,15904.867
3048,40862.785
3049,18437.979
3050,28067.904
3051,15015.014
3052,17562.277
3053,46056.453
3054,15896.891
3055,13643.147
3056,12658.1455
3057,15773.07
3058,29647.623
3059,8672.265
3060,27191.674
3061,29276.172
3062,18203.814
3063,30148.422
3064,31873.361
3065,19559.916
3066,29194.408
3067,10878.877
3068,19275.469
3069,24355.941
3070,22215.477
3071,29597.96
3072,19830.734
3073,13412.237
3074,25583.146
3075,56378.336
3076,19243.66
3077,25326.838
3078,27999.09
3079,40398.03
3080,17179.428
3081,31609.584
3082,22711.49
3083,29623.277
3084,29224.236
3085,38276.156
3086,21380.719
3087,33953.63
3088,31558.186
3089,43031.11
3090,16037.214
3091,27747.963
3092,38433.312
3093,15500.797
3094,30263.613
3095,23429.799
3096,18505.773
3097,26061.248
3098,12443.486
3099,41975.844
3100,22280.14
3101,20449.648
3102,17153.607
3103,30700.572
3104,20118.314
3105,12139.25
3106,57796.434
3107,13221.739
3108,24802.803
3109,18733.488
3110,17235.658
3111,13435.932
3112,25235.34
3113,35573.316
3114,26447.922
3115,14613.474
3116,14107.684
3117,13135.23
3118,10570.978
3119,14530.208
3120,12942.641
3121,17132.893
3122,28557.287
3123,26817.97
3124,25356.635
3125,29623.277
3126,14817.003
3127,38148.453
3128,13054.633
3129,29959.383
3130,16881.008
3131,14467.262
3132,15688.402
3133,26629.344
3134,28079.52
3135,17674.55
3136,36412.02
3137,24009.41
3138,14879.343
3139,26269.656
3140,12257.871
3141,13552.18
3142,28615.633
3143,23424.992
3144,68377.55
3145,12628.165
3146,13053.943
3147,44208.21
3148,13467.763
3149,28396.223
3150,30612.309
3151,23666.572
3152,27638.045
3153,21276.32
3154,43505.848
3155,33436.28
3156,26183.566
3157,17243.354
3158,18360.324
3159,15933.2
3160,21365.146
3161,39598.01
3162,16490.006
3163,21381.203
3164,19653.09
3165,18109.412
3166,34110.48
3167,26391.402
3168,29358.996
3169,25262.54
3170,46710.926
3171,43371.36
3172,25637.393
3173,32973.56
3174,29563.418
3175,72479.35
3176,12084.269
3177,26088.018
3178,24799.973
3179,24993.45
3180,31672.955
3181,24858.035
3182,28009.662
3183,32951.23
3184,34312.7
3185,29301.525
3186,28717.451
3187,15017.657
3188,27285.074
3189,28208.738
3190,19054.105
3191,19568.938
3192,27558.531
3193,18770.363
3194,18162.535
3195,12295.608
3196,14932.733
3197,27150.234
3198,25076.295
3199,21497.115
3200,33084.543
3201,24662.422
3202,25859.008
3203,33412.875
3204,38850.344
3205,32219.53
3206,17456.523
3207,15730.843
3208,37640.33
3209,15533.25
3210,18595.338
3211,38166.56
3212,35777.457
3213,47582.01
3214,33422.855
3215,23986.572
3216,15147.885
3217,25762.582
3218,27189.46
3219,17893.842
3220,28880.314
3221,28882.832
3222,41343.65
3223,15858.9
3224,16675.52
3225,30057.885
3226,24527.727
3227,22418.826
3228,27474.129
3229,16388.062
3230,30378.307
3231,29397.996
3232,21433.53
3233,12177.344
3234,26283.486
3235,26956.908
3236,19725.805
3237,19604.338
3238,33440.27
3239,12828.507
3240,26611.22
3241,42514.63
3242,56985.08
3243,44077.73
3244,11548.865
3245,56711.43
3246,30959.062
3247,29718.793
3248,13460.189
3249,42791.066
3250,33826.152
3251,116465.77
3252,13805.304
3253,18818.797
3254,27428.357
3255,17470.906
3256,21394.92
3257,36628.34
3258,14484.307
3259,29160.492
3260,35265.504
3261,116913.13
3262,31096.219
3263,24897.986
3264,28591.074
3265,31412.773
3266,22621.357
3267,11564.313
3268,12420.216
3269,20857.309
3270,22394.328
3271,11391.118
3272,26099.34
3273,24594.367
3274,44494.633
3275,24758.596
3276,30625.277
3277,11535.939
3278,37007.953
3279,36605.438
3280,79255.19
3281,24561.482
3282,27004.041
3283,24770.963
3284,14299.364
3285,12712.523
3286,28390.96
3287,35430.64
3288,15448.536
3289,30539.352
3290,15191.654
3291,28681.508
3292,28056.045
3293,24150.828
3294,11342.252
3295,45259.95
3296,26969.861
3297,15847.486
3298,12878.328
3299,12071.396
3300,33951.25
3301,13782.139
3302,32792.883
3303,11568.579
3304,18716.168
3305,9712.878
3306,28525.182
3307,21665.068
3308,53643.48
3309,27558.531
3310,46215.74
3311,12207.671
3312,11830.715
3313,73743.84
3314,27453.912
3315,19358.934
3316,40009.258
3317,14309.535
3318,23177.102
3319,29968.123
3320,25133.012
3321,57898.79
3322,28172.127
3323,18372.582
3324,8623.735
3325,19633.145
3326,24791.799
3327,38412.234
3328,31704.236
3329,56836.098
3330,26852.486
3331,36936.066
3332,16284.817
3333,20165.973
3334,27516.812
3335,28347.56
3336,19605.795
3337,24971.691
3338,27177.922
3339,47703.42
3340,36869.89
3341,19672.58
3342,14296.504
3343,31117.4
3344,21395.89
3345,27783.436
3346,23338.027
3347,64051.38
3348,27237.89
3349,31969.445
3350,32445.936
3351,25305.998
3352,14019.795
3353,18184.47
3354,20103.758
3355,22385.584
3356,18739.576
3357,20129.057
3358,15183.381
3359,29934.916
3360,76057.164
3361,25585.312
3362,18583.432
3363,14902.216
3364,26738.729
3365,23860.87
3366,26152.771
3367,21472.242
3368,27379.748
3369,15081.988
3370,33220.176
3371,29708.676
3372,32647.283
3373,38810.348
3374,27800.312
3375,28119.287
3376,19284.025
3377,13271.055
3378,22045.334
3379,17699.992
3380,17217.846
3381,23693.908
3382,27297.33
3383,26312.281
3384,18397.488
3385,25641.258
3386,28271.74
3387,28585.52
3388,11496.731
3389,11057.888
3390,22483.12
3391,23500.36
3392,50077.74
3393,106233.836
3394,18417.59
3395,26674.023
3396,20268.898
3397,25667.45
3398,16023.915
3399,27329.646
3400,20828.234
3401,13438.362
3402,51484.363
3403,41463.36
3404,14801.8
3405,19858.309
3406,23157.271
3407,46173.46
3408,77503.07
3409,15313.887
3410,82639.44
3411,11334.195
3412,28790.283
3413,28444.18
3414,13443.963
3415,26400.994
3416,15017.094
3417,30465.809
3418,50542.598
3419,10398.559
3420,19379.498
3421,33342.797
3422,31326.914
3423,16005.325
3424,31380.502
3425,30901.508
3426,15419.475
3427,17815.057
3428,86167.086
3429,21326.508
3430,12247.856
3431,37289.344
3432,12691.304
3433,12223.296
3434,12118.263
3435,32441.467
3436,33424.895
3437,25586.045
3438,52486.49
3439,14574.074
3440,21073.32
3441,22399.135
3442,22956.174
3443,60257.324
3444,19702.8
3445,16882.943
3446,27753.736
3447,17872.582
3448,25934.004
3449,30501.36
3450,25774.295
3451,17628.152
3452,22092.766
3453,32437.465
3454,15259.152
3455,37332.164
3456,27786.977
3457,14857.322
3458,27693.213
3459,15134.065
3460,36092.95
3461,13784.618
3462,54956.46
3463,30949.184
3464,16908.822
3465,28654.916
3466,20335.98
3467,47576.96
3468,14278.051
3469,25869.58
3470,28190.873
3471,14233.382
3472,15737.991
3473,28292.154
3474,31890.156
3475,20862.668
3476,16969.559
3477,30937.418
3478,32797.027
3479,10417.064
3480,12449.918
3481,17242.732
3482,31363.148
3483,15955.419
3484,14368.561
3485,12093.965
3486,25969.115
3487,109049.6
3488,27214.645
3489,10167.585
3490,30138.977
3491,14109.629
3492,29006.908
3493,28307.682
3494,17471.582
3495,11460.436
3496,43019.12
3497,11731.201
3498,24891.53
3499,123569.1
3500,27977.91
3501,12838.727
3502,16108.1455
3503,18871.973
3504,26834.842
3505,55868.9
3506,15980.222
3507,31284.227
3508,17124.357
3509,12182.658
3510,21269.086
3511,27936.578
3512,21189.06
3513,57345.668
3514,34988.855
3515,42023.07
3516,36637.395
3517,9130.5205
3518,24633.111
3519,23744.688
3520,27660.637
3521,22178.744
3522,22167.443
3523,16047.783
3524,58780.42
3525,48212.457
3526,20758.72
3527,13035.695
3528,54236.812
3529,14770.834
3530,32615.871
3531,21483.438
3532,15041.625
3533,12495.483
3534,14191.794
3535,23261.812
3536,21185.082
3537,30754.268
3538,12245.003
3539,56674.832
3540,17048.781
3541,20463.518
3542,39138.68
3543,9337.144
3544,29747.443
3545,48879.832
3546,14683.373
3547,19967.283
3548,25614.23
3549,30310.877
3550,20725.266
3551,12060.625
3552,50207.18
3553,48604.934
3554,23068.535
3555,14985.447
3556,29684.26
3557,18719.348
3558,15999.849
3559,29217.756
3560,27661.152
3561,25252.377
3562,18879.625
3563,22789.045
3564,14489.749
3565,44517.496
3566,31188.406
3567,24842.498
3568,45434.242
3569,17932.951
3570,29463.713
3571,27175.848
3572,65677.56
3573,18807.768
3574,38853.383
3575,17956.172
3576,14628.731
3577,46893.29
3578,46292.13
3579,34732.406
3580,10089.52
3581,33723.555
3582,20822.514
3583,27766.021
3584,106167.16
3585,31117.127
3586,31897.4
3587,28912.066
3588,28674.857
3589,30988.234
3590,14220.868
3591,21975.062
3592,31168.566
3593,31822.957
3594,27826.74
3595,38424.52
3596,26701.252
3597,27950.396
3598,25599.338
3599,26432.766
3600,56545.16
3601,25476.96
3602,38630.605
3603,37966.457
3604,24088.582
3605,14233.115
3606,17274.393
3607,22384.438
3608,15392.659
3609,31353.873
3610,34347.1
3611,12642.884
3612,28118.398
3613,154274.83
3614,14678.811
3615,116433.23
3616,32891.406
3617,23834.969
3618,10538.568
3619,25022.113
3620,13254.059
3621,16034.897
3622,20496.787
3623,8730.075
3624,37744.39
3625,27266.225
3626,20362.604
3627,29706.703
3628,29337.775
3629,12203.747
3630,31037.242
3631,21018.236
3632,22577.914
3633,31192.229
3634,20242.79
3635,15165.804
3636,32001.51
3637,28340.008
3638,15728.867
3639,22535.947
3640,17941.35
3641,14281.924
3642,44956.73
3643,33207.11
3644,105208.68
3645,9017.662
3646,28444.18
3647,17940.424
3648,20933.725
3649,26091.074
3650,42102.277
3651,27978.592
3652,29827.79
3653,32519.139
3654,28014.416
3655,26790.154
3656,18084.693
3657,31318.637
3658,12323.814
3659,15980.933
3660,34084.746
3661,21758.994
3662,48737.75
3663,9637.767
3664,60341.09
3665,26981.842
3666,30770.7
3667,58828.797
3668,31077.36
3669,29434.137
3670,23472.389
3671,99072.4
3672,15259.666
3673,29099.398
3674,42762.043
3675,24179.518
3676,41294.074
3677,11584.983
3678,28476.635
3679,29490.604
3680,23861.137
3681,15862.504
3682,11896.754
3683,28658.045
3684,45443.23
3685,40061.16
3686,15113.451
3687,25588.645
3688,13821.111
3689,41194.1
3690,26456.244
3691,20522.297
3692,25831.424
3693,15252.322
3694,37542.723
3695,25772.592
3696,16523.123
3697,27499.328
3698,18938.209
3699,37336.164
3700,32766.188
3701,15417.473
3702,62079.906
3703,52430.074
3704,10890.897
3705,33580.016
3706,28000.453
3707,40686.375
3708,15824.707
3709,18131.105
3710,20864.455
3711,27329.615
3712,21227.125
3713,23194.477
3714,19216.375
3715,31144.06
3716,30700.512
3717,16382.912
3718,33061.438
3719,25643.822
3720,14458.431
3721,35901.57
3722,7925.263
3723,26544.47
3724,65393.312
3725,25315.354
3726,12227.952
3727,32167.514
3728,15551.3545
3729,11450.756
3730,11722.966
3731,13396.521
3732,28520.678
3733,12283.928
3734,28907.459
3735,26044.504
3736,39440.543
3737,12998.28
3738,14407.887
3739,11725.208
3740,22472.168
3741,11809.1875
3742,16657.393
3743,20002.799
3744,20479.938
3745,20988.771
3746,13491.402
3747,29560.611
3748,67033.91
3749,26260.45
3750,51001.63
3751,13637.703
3752,38598.547
3753,30542.564
3754,31532.957
3755,23179.584
3756,27909.646
3757,13989.823
3758,30070.125
3759,29541.586
3760,26587.234
3761,76037.016
3762,27111.824
3763,22885.697
3764,37038.598
3765,18556.309
3766,75739.34
3767,17087.924
3768,26835.357
3769,18391.463
3770,10031.408
3771,51027.074
3772,32048.486
3773,61673.57
3774,13255.645
3775,36387.406
3776,13210.874
3777,16508.717
3778,30293.268
3779,37358.94
3780,30662.285
3781,24093.18
3782,16896.1
3783,31631.893
3784,67127.5
3785,23477.672
3786,16365.586
3787,24615.746
3788,13997.517
3789,157578.0
3790,23163.234
3791,19050.299
3792,12550.56
3793,17326.79
3794,19944.355
3795,40858.605
3796,14155.83
3797,13797.886
3798,22714.74
3799,29046.062
3800,44464.49
3801,34148.35
3802,30725.662
3803,39323.484
3804,50870.254
3805,14415.55
3806,25088.86
3807,31642.688
3808,23709.24
3809,16356.592
3810,34120.05
3811,42984.195
3812,51496.746
3813,29684.129
3814,15448.612
3815,44247.88
3816,18958.973
3817,19274.004
3818,34082.67
3819,48388.016
3820,16640.355
3821,19429.379
3822,33422.43
3823,33395.617
3824,27477.98
3825,27753.012
3826,46737.01
3827,31135.23
3828,18752.61
3829,29891.57
3830,24974.291
3831,22087.236
3832,28098.1
3833,14563.794
3834,22362.354
3835,11930.744
3836,41014.477
3837,32967.03
3838,16361.705
3839,13701.624
3840,27457.852
3841,42155.707
3842,18640.078
3843,25962.672
3844,13313.926
3845,21267.215
3846,13071.658
3847,23747.88
3848,35874.305
3849,25252.377
3850,44948.45
3851,30972.783
3852,29766.553
3853,26099.893
3854,15770.67
3855,25057.002
3856,17344.621
3857,15561.377
3858,38143.445
3859,17471.67
3860,21128.736
3861,18521.977
3862,41949.906
3863,20053.834
3864,22254.09
3865,28909.39
3866,33912.418
3867,22164.635
3868,24408.104
3869,77823.08
3870,13349.162
3871,44685.688
3872,38411.61
3873,30480.275
3874,35426.68
3875,29724.3
3876,41361.723
3877,10725.475
3878,31186.95
3879,46824.72
3880,26936.777
3881,36536.492
3882,29134.203
3883,31407.674
3884,34347.27
3885,27754.18
3886,8780.373
3887,30724.275
3888,55071.363
3889,14336.25
3890,27868.752
3891,29623.277
3892,19353.643
3893,79006.1
3894,37850.38
3895,19915.139
3896,34211.402
3897,12959.107
3898,15077.292
3899,10860.658
3900,47157.36
3901,63357.094
3902,62666.613
3903,14791.9375
3904,25554.885
3905,35402.746
3906,26657.055
3907,35481.523
3908,36811.766
3909,14216.62
3910,16141.015
3911,20135.668
3912,19001.984
3913,31534.492
3914,28794.936
3915,22720.459
3916,17918.25
3917,37238.133
3918,14135.236
3919,29627.58
3920,37238.133
3921,12098.483
3922,18723.73
3923,12064.011
3924,29724.3
3925,13361.63
3926,20401.832
3927,52737.473
3928,26456.244
3929,53489.766
3930,61665.266
3931,16734.34
3932,20146.443
3933,11687.592
3934,18313.71
3935,22664.443
3936,41157.6
3937,20954.82
3938,44121.06
3939,17609.69
3940,142141.7
3941,28967.049
3942,17038.34
3943,39665.62
3944,39806.977
3945,45475.453
3946,29289.395
3947,19316.068
3948,27073.863
3949,61531.215
3950,31213.066
3951,39275.457
3952,57974.402
3953,40392.324
3954,34518.223
3955,21752.79
3956,25587.281
3957,18510.898
3958,28425.62
3959,14175.191
3960,29465.795
3961,12569.449
3962,45785.96
3963,25293.79
3964,27864.06
3965,35109.285
3966,14456.165
3967,51541.64
3968,22076.27
3969,27740.293
3970,84388.45
3971,24390.428
3972,20895.09
3973,23766.436
3974,30270.95
3975,13313.849
3976,38941.195
3977,16951.691
3978,31028.252
3979,31719.018
3980,29319.795
3981,19949.4
3982,14174.163
3983,18792.205
3984,16740.156
3985,21176.648
3986,18909.04
3987,11320.627
3988,27829.537
3989,33649.77
3990,103496.55
3991,21900.068
3992,54822.965
3993,18034.143
3994,47133.76
3995,33806.508
3996,41954.047
3997,39824.543
3998,16174.984
3999,26336.06
4000,18480.484
4001,42275.72
4002,13177.302
4003,42622.992
4004,27745.314
4005,24826.71
4006,16190.927
4007,18178.307
4008,23353.328
4009,35265.504
4010,24712.93
4011,13265.341
4012,20379.332
4013,30416.293
4014,43668.54
4015,35798.965
4016,26602.662
4017,18198.822
4018,20331.906
4019,41673.168
4020,19568.398
4021,55818.16
4022,23956.932
4023,15636.15
4024,29598.656
4025,36018.277
4026,19037.193
4027,32835.273
4028,32172.18
4029,32691.867
4030,152162.33
4031,22608.096
4032,10393.922
4033,48067.586
4034,30659.873
4035,27520.72
4036,28802.62
4037,66211.27
4038,39159.4
4039,34144.477
4040,35971.656
4041,90305.96
4042,33016.54
4043,17083.941
4044,30148.18
4045,10336.783
4046,19300.225
4047,28605.742
4048,28981.625
4049,26394.863
4050,22789.59
4051,22041.434
4052,9734.653
4053,13428.193
4054,15517.106
4055,20902.951
4056,20828.469
4057,90546.55
4058,16787.525
4059,12226.139
4060,14380.748
4061,32445.936
4062,14467.603
4063,27730.502
4064,45605.715
4065,25581.375
4066,13260.137
4067,21728.666
4068,32048.33
4069,19795.549
4070,143946.3
4071,13861.797
4072,23465.736
4073,32234.072
4074,22801.547
4075,28725.184
4076,14658.735
4077,42467.207
4078,30969.826
4079,17420.38
4080,10402.555
4081,19889.455
4082,52879.99
4083,18009.676
4084,25780.387
4085,29741.709
4086,10541.972
4087,13269.325
4088,22171.963
4089,26541.602
4090,23763.344
4091,12580.873
4092,32285.19
4093,21125.254
4094,60441.582
4095,82839.266
4096,35718.11
4097,18443.938
4098,17664.38
4099,43599.37
4100,15650.751
4101,27628.393
4102,13749.066
4103,17632.604
4104,19926.322
4105,39869.883
4106,11366.755
4107,30806.309
4108,27214.467
4109,32326.756
4110,34993.69
4111,15518.742
4112,55861.95
4113,21808.064
4114,14216.62
4115,26335.432
4116,28035.506
4117,32111.318
4118,15952.253
4119,16256.261
4120,31096.86
4121,32445.936
4122,17754.293
4123,11779.281
4124,32729.215
4125,23678.352
4126,13420.221
4127,26421.459
4128,35954.055
4129,20116.979
4130,22416.053
4131,26294.057
4132,30158.457
4133,31206.426
4134,21811.65
4135,26307.96
4136,17084.37
4137,23564.234
4138,11514.125
4139,44850.49
4140,35703.77
4141,61065.184
4142,36821.406
4143,48711.63
4144,27479.432
4145,14471.588
4146,9891.048
4147,26959.596
4148,12090.797
4149,118139.53
4150,23454.562
4151,59391.25
4152,26023.611
4153,10066.1
4154,19067.285
4155,24429.525
4156,9999.324
4157,55463.68
4158,20128.365
4159,35403.297
4160,66819.055
4161,32739.764
4162,24918.613
4163,12191.301
4164,11591.973
4165,19716.469
4166,20682.688
4167,20356.03
4168,12559.503
4169,51944.75
4170,30528.564
4171,11258.128
4172,55271.63
4173,17996.387
4174,12063.146
4175,20461.842
4176,11493.623
4177,28581.617
4178,14690.693
4179,29699.113
4180,17223.346
4181,30727.422
4182,11472.433
4183,17301.857
4184,19112.824
4185,28868.273
4186,11985.95
4187,16048.476
4188,26393.533
4189,19706.21
4190,62297.277
4191,13303.738
4192,24912.8
4193,59276.96
4194,12481.383
4195,24980.469
4196,29831.69
4197,34523.875
4198,24098.586
4199,18340.045
4200,43738.887
4201,12150.402
4202,27739.049
4203,18011.01
4204,24918.908
4205,41378.293
4206,20789.191
4207,23285.707
4208,30233.469
4209,14231.396
4210,30622.404
4211,19488.799
4212,10327.332
4213,16219.997
4214,44211.34
4215,27718.568
4216,40830.594
4217,10919.788
4218,25912.023
4219,19647.658
4220,30523.941
4221,13058.836
4222,16574.602
4223,16879.676
4224,36327.363
4225,43686.71
4226,31954.518
4227,32835.273
4228,27218.34
4229,68591.82
4230,12415.152
4231,20236.514
4232,13938.881
4233,15946.186
4234,49729.066
4235,36533.668
4236,25703.777
4237,35018.176
4238,27453.912
4239,16958.018
4240,14793.996
4241,13711.412
4242,56639.918
4243,11135.571
4244,28093.568
4245,13784.319
4246,63381.37
4247,30078.98
4248,40710.695
4249,30314.854
4250,12639.705
4251,28101.557
4252,25890.158
4253,16580.37
4254,14320.957
4255,34723.656
4256,22060.756
4257,44978.164
4258,14385.362
4259,42621.18
4260,24587.979
4261,24518.863
4262,24414.799
4263,32745.186
4264,28708.258
4265,27323.05
4266,71358.56
4267,16218.676
4268,14389.626
4269,30409.36
4270,27518.367
4271,21155.764
4272,43585.887
4273,45093.35
4274,26963.178
4275,12676.664
4276,12666.564
4277,16756.918
4278,23905.56
4279,51924.086
4280,11980.248
4281,26011.03
4282,24117.795
4283,23657.256
4284,28479.582
4285,21237.729
4286,20373.418
4287,68761.945
4288,22039.72
4289,27181.22
4290,18997.695
4291,23541.738
4292,17151.309
4293,28049.148
4294,18162.105
4295,33601.688
4296,17610.928
4297,15870.967
4298,28598.209
4299,20441.613
4300,119151.65
4301,28685.623
4302,12967.388
4303,23510.25
4304,18370.414
4305,29406.746
4306,18341.268
4307,18477.723
4308,20584.838
4309,34127.285
4310,21380.604
4311,40474.008
4312,36327.363
4313,42616.914
4314,37074.98
4315,33758.004
4316,19642.844
4317,19186.98
4318,14718.546
4319,256827.08
4320,22943.383
4321,19684.104
4322,14620.666
4323,21093.676
4324,23134.916
4325,13829.403
4326,23726.588
4327,14992.102
4328,43554.508
4329,16267.074
4330,44266.91
4331,27381.055
4332,22275.86
4333,33068.35
4334,49046.836
4335,36316.504
4336,23285.121
4337,12831.575
4338,21592.146
4339,31112.625
4340,16295.6
4341,33862.54
4342,25797.18
4343,33876.746
4344,15952.253
4345,24746.902
4346,35123.402
4347,114647.66
4348,24907.088
4349,17103.336
4350,18831.602
4351,27209.85
4352,12361.431
4353,13764.216
4354,28492.47
4355,14196.828
4356,37623.516
4357,20316.064
4358,17240.076
4359,173349.8
4360,14152.399
4361,29875.328
4362,51658.617
4363,14652.39
4364,59170.22
4365,26930.303
4366,24988.45
4367,21906.98
4368,24615.746
4369,20790.123
4370,26928.146
4371,61971.465
4372,61561.23
4373,14336.6875
4374,22366.059
4375,8833.356
4376,9510.278
4377,27776.854
4378,20849.701
4379,29192.514
4380,65622.766
4381,11362.382
4382,72002.35
4383,20478.021
4384,12647.32
4385,19820.959
4386,40517.594
4387,25213.746
4388,24514.426
4389,52883.37
4390,12544.967
4391,23505.297
4392,21309.432
4393,26732.414
4394,18623.816
4395,11508.688
4396,33826.152
4397,24753.53
4398,21630.826
4399,25847.242
4400,29955.047
4401,48759.85
4402,29540.424
4403,25771.316
4404,20106.314
4405,14954.02
4406,28026.277
4407,62921.934
4408,12204.621
4409,25024.96
4410,35984.426
4411,28137.57
4412,21455.809
4413,40844.168
4414,20959.336
4415,13669.134
4416,15873.899
4417,8858.962
4418,8037.437
4419,25271.217
4420,9817.703
4421,16217.798
4422,21742.145
4423,35356.83
4424,21268.885
4425,31305.09
4426,12382.61
4427,37752.08
4428,26703.906
4429,18624.605
4430,20717.94
4431,29771.33
4432,35803.855
4433,28316.639
4434,25746.496
4435,17805.523
4436,19430.89
4437,27530.438
4438,55454.51
4439,53691.137
4440,37382.832
4441,22341.506
4442,24274.14
4443,21030.611
4444,15535.232
4445,11535.6
4446,13703.166
4447,30455.277
4448,31664.953
4449,22642.066
4450,26106.629
4451,29993.35
4452,29012.457
4453,16196.335
4454,28555.63
4455,36327.363
