,A,B
0,812954,643720
1,868217,609046
2,920248,607272
3,841621,639394
4,843907,598777
5,817712,620917
6,865980,632292
7,876539,639944
8,805247,642901
9,829227,565484
10,834679,669557
11,851242,630615
12,890325,702688
13,832159,638667
14,833736,637738
15,778784,571492
16,844489,672382
17,825802,638894
18,875471,622426
19,879225,639387
20,819482,633447
21,818212,633262
22,839324,651033
23,817439,678071
24,876202,600942
25,841025,623927
26,850781,619234
27,754610,657392
28,842733,640979
29,881538,613492
30,804685,671123
31,877083,575129
32,847312,655073
33,827558,623170
34,896258,707205
35,829939,644422
36,880719,597439
37,828313,669762
38,778978,589645
39,832323,624353
40,838906,655174
41,913673,576755
42,875535,587227
43,797487,625675
44,893942,596033
45,770410,662419
46,814804,605047
47,832215,638387
48,840280,643770
49,833327,621905
50,763542,635170
51,825599,608689
52,813209,683512
53,938544,680392
54,834393,656902
55,787129,643393
56,801229,617139
57,886144,566002
58,865073,661021
59,796962,632416
60,822877,612926
61,835985,639514
62,908901,628142
63,807989,610817
64,823816,651852
65,818245,618659
66,827601,640196
67,846830,641704
68,829041,623258
69,858850,714281
70,835967,564514
71,835698,660461
72,843223,632872
73,880916,697241
74,813541,641007
75,913911,586519
76,707529,693451
77,846436,659041
78,865316,690133
79,842837,647272
80,856101,601665
81,822815,616988
82,823364,620870
83,817697,617678
84,822368,648690
85,855476,711703
86,818065,675114
87,843822,686283
88,834396,637625
89,802367,626026
90,774481,694664
91,805075,559992
92,828813,622656
93,841088,641913
94,736868,591803
95,812519,658809
96,847097,610257
97,880136,670834
98,871566,663124
99,835178,647851
100,801113,631728
101,836302,641336
102,865563,600752
103,856184,670732
104,930906,675380
105,787684,612023
106,879210,671905
107,940080,668730
108,812951,619690
109,782647,635710
110,834146,634536
111,825334,626399
112,827880,657944
113,806472,625818
114,813142,634900
115,834478,637224
116,859522,666389
117,812822,650842
118,927475,652500
119,830057,593423
120,852554,687005
121,755212,616702
122,825515,636212
123,841978,583774
124,828956,617518
125,851077,623381
126,847787,616365
127,781111,594759
128,793474,650770
129,849922,659848
130,857555,592525
131,851042,620360
132,801896,668379
133,798422,689889
134,802904,649859
135,833844,679629
136,844117,650340
137,750522,621023
138,835324,635252
139,805810,620656
140,826540,709657
141,821335,650998
142,844114,619755
143,799854,605921
144,835851,659073
145,850049,594729
146,901514,652113
147,826740,617100
148,864116,598962
149,830754,656445
150,816172,642632
151,875320,588946
152,836090,553666
153,944095,704540
154,834141,639092
155,858997,628120
156,819923,617399
157,812780,635276
158,808308,627973
159,868777,586944
160,848355,652762
161,853192,621237
162,769703,672760
163,983609,624193
164,767435,659742
165,795478,653018
166,867257,713816
167,822799,582231
168,795493,623079
169,894097,564130
170,836258,638770
171,725411,693316
172,824187,721313
173,835113,638129
174,874788,594226
175,811045,640408
176,806425,629019
177,817577,599782
178,829553,641233
179,780758,698302
180,835775,635385
181,836176,639066
182,814374,659984
183,787165,670018
184,765298,632123
185,814905,686125
186,830536,651952
187,837750,634132
188,819893,646919
189,803133,663437
190,893841,718071
191,869331,617053
192,847430,623157
193,810547,597362
194,887955,652980
195,856277,650393
196,945668,662295
197,910884,606259
198,823954,581126
199,780635,613287
200,827314,657722
201,874290,682154
202,801009,632553
203,758093,635151
204,834477,615434
205,778438,668842
206,851028,601248
207,847403,680628
208,809226,590160
209,847930,639549
210,831541,638580
211,818121,643361
212,880168,671935
213,815109,645044
214,765957,654001
215,917544,625573
216,783878,625178
217,889986,596630
218,786184,663836
219,918549,595580
220,873325,661718
221,836224,622436
222,881118,595784
223,854502,597915
224,877342,656313
225,849343,644126
226,796153,621598
227,806313,641996
228,847671,637692
229,869123,660870
230,848927,645583
231,800992,654397
232,877837,634860
233,836202,600653
234,803719,688801
235,812864,648497
236,871038,632419
237,848660,637062
238,870340,608506
239,839706,604004
240,773106,587731
241,838636,638170
242,833424,637495
243,803393,632114
244,806771,696582
245,837422,684164
246,808230,615889
247,839817,657140
248,836065,643735
249,832197,640740
250,826449,642156
251,864411,657059
252,859075,596485
253,821763,646463
254,752624,684688
255,761780,639502
256,814196,638101
257,837052,638157
258,897135,678084
259,839617,656945
260,818902,650155
261,840603,639421
262,788208,596833
263,830238,629304
264,961248,667934
265,821180,615439
266,865014,601082
267,812456,609760
268,850548,639470
269,846404,608400
270,844405,710620
271,834271,681372
272,892746,564842
273,832917,653009
274,815156,643108
275,862657,628917
276,736311,562847
277,836640,689624
278,828915,641716
279,827016,648159
280,717529,589445
281,828640,621078
282,825800,639916
283,867216,629792
284,788063,640066
285,804909,659876
286,828224,658191
287,865774,654156
288,831381,628919
289,831414,641690
290,808631,648619
291,789304,619247
292,845460,690530
293,836208,638514
294,868895,604801
295,808291,631630
296,894943,635233
297,864186,639299
298,841314,705207
299,623573,252933
300,551501,163944
301,542414,323445
302,543918,261399
303,569298,222324
304,617516,155138
305,492219,176220
306,599902,344442
307,595923,301961
308,561290,237997
309,557171,300772
310,515461,280908
311,593235,212579
312,599791,239507
313,604067,254704
314,602097,293208
315,528532,271983
316,612097,204266
317,539684,261404
318,490360,160125
319,624439,284325
320,531766,227178
321,564691,253901
322,503485,225519
323,582912,368192
324,570399,302552
325,554412,259217
326,565947,253914
327,544626,261639
328,573542,228366
329,589472,240707
330,621853,235743
331,583727,240847
332,512999,279524
333,590219,205918
334,557291,235283
335,562609,261858
336,573223,256679
337,577033,261125
338,618685,246895
339,563806,242703
340,572797,264895
341,537958,171180
342,564558,251534
343,578430,260413
344,495770,314954
345,551139,304558
346,654533,234925
347,574254,246150
348,546542,224111
349,560338,216298
350,676848,196504
351,562287,210155
352,589172,296436
353,600350,211786
354,531053,241400
355,528764,238969
356,555973,241310
357,543279,201456
358,569679,227969
359,486998,186575
360,493599,274738
361,526990,234634
362,578346,257049
363,579387,214941
364,560117,210841
365,629472,276224
366,565964,245190
367,527110,273244
368,545421,190964
369,560155,172391
370,561378,248389
371,652718,214098
372,577674,230794
373,564281,248028
374,537828,245621
375,559807,248525
376,565040,265155
377,559796,237778
378,567364,284685
379,641053,302784
380,535370,222161
381,491034,294190
382,578789,227708
383,493843,284614
384,577923,208670
385,601465,233213
386,582776,232737
387,597019,238045
388,547708,261848
389,517797,231794
390,557925,315216
391,547397,204912
392,567028,240598
393,573124,241739
394,589736,306268
395,568682,234935
396,655580,263955
397,479452,292158
398,570515,250347
399,558916,242376
400,540452,314834
401,647754,219941
402,566630,249854
403,542945,138182
404,553960,261006
405,569226,276648
406,564946,247303
407,580188,355722
408,526519,171753
409,587283,244407
410,552210,250433
411,611343,258279
412,561853,312878
413,584508,218932
414,569499,258173
415,596805,276457
416,535593,143445
417,541643,260772
418,561550,249062
419,486280,298784
420,500130,217874
421,581491,248451
422,540572,254309
423,587211,212643
424,635603,258029
425,571211,249486
426,557092,237979
427,608511,224883
428,450541,268972
429,662544,262982
430,632742,204460
431,668355,167208
432,560443,253200
433,511472,197858
434,550115,259569
435,515463,270311
436,545539,195363
437,590449,254253
438,570787,246876
439,628713,228930
440,556580,229133
441,593632,266999
442,526382,240215
443,461510,212553
444,550952,216322
445,644419,196985
446,655814,200692
447,576564,168998
448,568570,254388
449,544728,151536
450,552544,258173
451,582510,232791
452,576350,289752
453,595209,248589
454,567870,284151
455,509669,309353
456,557305,245969
457,543639,242836
458,582187,245841
459,561214,239273
460,603094,315792
461,572393,258106
462,563936,163930
463,627272,253882
464,568248,211315
465,454114,291335
466,580020,185292
467,542857,258775
468,536737,275481
469,604791,256206
470,598596,199243
471,536423,156254
472,674097,262961
473,532044,241957
474,542553,222643
475,538243,205298
476,638901,233978
477,513685,127049
478,564828,185324
479,569149,273951
480,516087,229278
481,640460,282399
482,555527,227043
483,490765,271309
484,590339,151183
485,606457,178066
486,565975,287165
487,579551,211325
488,666462,219600
489,571916,294434
490,515494,253115
491,578997,247283
492,583084,269586
493,569736,251512
494,582050,243429
495,637274,267038
496,581758,242967
497,497313,297574
498,601745,230592
499,564593,278352
500,554695,250159
501,619204,203719
502,542873,281338
503,565013,238020
504,612309,248937
505,629933,177081
506,529425,255876
507,601962,303111
508,534272,194510
509,607232,201813
510,617934,213483
511,559992,244251
512,566515,247483
513,581817,347897
514,600735,234314
515,564311,254362
516,564132,239716
517,561656,242624
518,547473,262112
519,509737,204519
520,581769,191909
521,539373,231216
522,558473,234860
523,459924,277087
524,586499,197457
525,586128,243241
526,601985,250442
527,515475,251181
528,580859,243392
529,577874,256023
530,655529,240291
531,553779,243274
532,512392,202849
533,581035,264175
534,635019,226082
535,618233,210833
536,602261,221960
537,584584,235919
538,662479,223092
539,616652,307558
540,590474,215673
541,561055,225512
542,558663,250565
543,595705,316516
544,589593,241270
545,564408,247897
546,547925,232626
547,525888,230875
548,559240,240249
549,570386,231491
550,561177,247456
551,562305,275914
552,568231,233130
553,526274,305191
554,565846,244841
555,564036,255414
556,528877,273151
557,574944,277533
558,612380,276270
559,591223,320663
560,541329,196623
561,577613,280332
562,626744,239346
563,582718,244124
564,591505,233934
565,551312,227570
566,596206,224820
567,580534,268471
568,529314,224370
569,593206,175998
570,558061,254532
571,613366,287092
572,666984,183146
573,565702,254553
574,538772,246049
575,563724,246984
576,623575,196956
577,500592,285439
578,554520,251229
579,573815,259122
580,571703,282834
581,547746,209518
582,532663,169014
583,542244,254907
584,544774,237828
585,548284,298188
586,577315,265541
587,553770,259089
588,537145,284535
589,648244,253375
590,547437,230967
591,603002,245119
592,591147,239033
593,539114,314805
594,576311,252568
595,545197,218960
596,570793,227019
597,672748,143913
598,529094,226356
599,589826,179519
600,560758,250715
601,561914,247616
602,585992,242098
603,458197,305419
604,560666,209489
605,588776,218486
606,513517,230867
607,546341,266740
608,492744,288489
609,503990,233888
610,560394,218674
611,595703,240879
612,573398,194369
613,551504,163718
614,557729,241086
615,604381,310175
616,256910,767396
617,216249,729239
618,254116,748223
619,200897,724520
620,237599,737826
621,256884,794543
622,259353,675965
623,231574,696781
624,287834,722534
625,350191,686690
626,294847,707911
627,268507,721783
628,275228,692003
629,263839,718176
630,256048,743012
631,171374,680720
632,257301,742004
633,246193,781969
634,254996,718603
635,267628,718046
636,189013,722025
637,250283,811050
638,260461,743971
639,307642,768800
640,252078,721273
641,243511,729025
642,250998,756247
643,305422,749954
644,330971,748510
645,301925,681732
646,258289,747532
647,218066,652984
648,268582,750393
649,309307,676449
650,297392,837410
651,212684,744675
652,256364,741672
653,260803,732103
654,293378,730822
655,242768,720008
656,275500,729880
657,265037,605686
658,241019,755172
659,191241,788512
660,255886,727572
661,315723,708334
662,234688,718141
663,205548,820577
664,210438,672028
665,268715,766646
666,212151,726042
667,299298,716848
668,391506,745793
669,265410,761230
670,380778,761351
671,301915,642007
672,288109,751211
673,221650,852250
674,203861,729571
675,258191,719517
676,276360,722572
677,250153,705149
678,225440,777239
679,263300,708862
680,209638,779903
681,265687,728957
682,219148,671608
683,202313,803556
684,260246,744148
685,353731,733108
686,361882,664820
687,258354,712117
688,344580,833937
689,241344,757443
690,286128,759627
691,255492,699125
692,246953,837747
693,281449,742170
694,244978,741020
695,281490,707769
696,318257,689616
697,318320,785356
698,267996,752791
699,252398,735342
700,169076,696994
701,287127,769241
702,251773,743313
703,233154,798301
704,289447,672315
705,220236,696190
706,180062,750026
707,267928,721904
708,315014,732821
709,253678,781616
710,249508,730021
711,244713,684484
712,213416,797429
713,338623,688123
714,272708,722671
715,269722,735862
716,265363,749935
717,216910,714147
718,211879,702740
719,248415,734706
720,281381,747219
721,258514,721192
722,240833,764794
723,337516,771698
724,211181,778052
725,256102,748634
726,231591,738461
727,216906,697611
728,308119,778435
729,170563,774573
730,235525,775028
731,242177,789274
732,231394,726782
733,240546,720697
734,242380,733130
735,244510,760474
736,252049,733991
737,293158,788965
738,258335,744541
739,229258,799732
740,318118,765932
741,350824,788594
742,269541,749416
743,257595,742375
744,218404,783360
745,250965,638991
746,271398,705520
747,309785,740209
748,293513,791559
749,255953,744136
750,270778,747623
751,229246,721150
752,182210,807220
753,227734,741386
754,297763,743676
755,237737,729221
756,243262,738194
757,266271,753501
758,224714,721683
759,257321,743788
760,245789,757434
761,253157,736045
762,117874,815348
763,241709,731571
764,347019,718343
765,263035,735230
766,247280,711237
767,250639,741372
768,247362,733488
769,211789,695992
770,216664,677522
771,256255,743704
772,237847,719301
773,213313,735806
774,250379,742917
775,328400,743070
776,241569,734125
777,253541,764473
778,269306,729730
779,293363,724986
780,271138,732683
781,213034,772279
782,251371,786651
783,259065,724720
784,253804,742542
785,241020,760596
786,274995,777238
787,261209,724973
788,222553,726944
789,235047,746106
790,215758,708145
791,249252,741243
792,276918,720893
793,257503,742328
794,270830,751681
795,254122,745421
796,244908,754298
797,344753,787896
798,289445,688489
799,255205,736797
800,281555,721941
801,330430,771436
802,253457,777579
803,233496,791806
804,189684,691186
805,266413,660875
806,243837,733540
807,293505,803362
808,260303,727526
809,243491,728002
810,171693,721563
811,202123,744156
812,267285,728779
813,157834,661485
814,298443,770760
815,335331,818733
816,219609,734441
817,347306,800979
818,287334,659858
819,239976,833889
820,224951,722765
821,303315,750320
822,254814,747030
823,269950,727076
824,260040,745439
825,280473,744377
826,244639,720142
827,256956,740965
828,222004,807032
829,249361,748518
830,311037,756570
831,247122,715890
832,208069,655656
833,257453,742650
834,257325,742328
835,253267,789824
836,307281,762811
837,310424,718333
838,255453,741923
839,278992,757790
840,163957,733702
841,267246,751982
842,301060,715198
843,212056,766472
844,259723,732917
845,281780,775943
846,250805,726946
847,241156,739481
848,187608,800179
849,251058,735027
850,292595,740904
851,272074,712177
852,231261,786917
853,281000,740511
854,275058,713887
855,321560,731068
856,283915,688755
857,232840,738833
858,337958,798963
859,337046,820641
860,276394,761048
861,251347,670435
862,271702,753973
863,162224,685200
864,257677,719150
865,260318,711621
866,186264,695907
867,258174,755159
868,242709,757686
869,257254,743080
870,254983,731658
871,265273,716721
872,237449,785652
873,168596,748879
874,238834,696831
875,263109,743333
876,279676,809670
877,171747,777579
878,208417,813898
879,216564,723064
880,242195,689224
881,253534,741025
882,290176,781215
883,309158,699191
884,310940,711293
885,265486,702190
886,260419,741212
887,309129,744956
888,331240,717418
889,226170,738339
890,190767,706219
891,264262,737376
892,318816,748314
893,403394,777748
894,133737,819023
895,262522,730690
896,322898,707331
897,267179,761430
898,309043,753241
899,240893,734383
900,259566,727891
901,274552,718547
902,281005,717468
903,249734,767527
904,285301,711712
905,269005,750467
906,155283,721118
907,276869,731039
908,267975,745703
909,230459,815042
910,235700,742331
911,284567,716939
912,238601,769529
913,217170,824498
914,343775,713900
915,248775,743006
916,322803,656606
917,275390,840694
918,270819,619081
919,257784,742285
920,262725,748061
921,299229,739252
922,258131,750011
923,356321,721316
924,260631,685446
925,324355,769115
926,262464,745474
927,293755,724434
928,276333,734671
929,246185,768526
930,271427,759785
931,581344,385622
932,487508,410130
933,531520,470380
934,542398,407349
935,535553,401850
936,574340,386342
937,489563,423442
938,561517,424497
939,548471,363521
940,551619,407865
941,535637,416695
942,625861,446966
943,512721,297462
944,485787,451234
945,545177,449711
946,557549,430186
947,450504,489695
948,556721,406275
949,596886,406323
950,552270,452067
951,598696,426412
952,553121,424941
953,585213,507300
954,546923,447205
955,524864,524465
956,614862,474016
957,472136,522566
958,548741,424433
959,579708,389172
960,546195,435981
961,473518,431029
962,565818,441463
963,528421,449609
964,627970,406198
965,492513,376096
966,506194,412830
967,585921,420969
968,500095,384331
969,606741,433003
970,588823,391287
971,550666,358776
972,580102,421291
973,540689,483370
974,531336,427371
975,560929,488831
976,528839,404605
977,587670,454726
978,550071,432907
979,545251,423126
980,517722,389497
981,487466,404035
982,534359,410864
983,573525,363494
984,469597,469641
985,444203,433426
986,530126,482570
987,497364,497954
988,539380,452369
989,550207,427844
990,541436,463443
991,555566,402931
992,621264,430161
993,606519,426672
994,556325,411879
995,565035,407936
996,477578,283202
997,637561,412198
998,494817,482837
999,583750,440376
1000,619302,407243
1001,539353,414700
1002,491238,477838
1003,559644,393877
1004,551841,449208
1005,543185,449059
1006,557232,385801
1007,542717,485269
1008,628617,470383
1009,546433,433425
1010,656928,427142
1011,575225,471361
1012,540883,388547
1013,536902,487971
1014,669372,510729
1015,579813,431520
1016,638490,472369
1017,521733,288196
1018,474946,400305
1019,492108,415357
1020,647843,471024
1021,509727,402091
1022,557993,414488
1023,540956,440807
1024,539226,362911
1025,561535,422869
1026,532490,498388
1027,555321,411402
1028,502666,515079
1029,448308,360032
1030,605747,523813
1031,546080,441878
1032,594739,460997
1033,550615,457350
1034,552271,443264
1035,603175,429360
1036,551098,430693
1037,538746,399264
1038,500554,486108
1039,567652,460477
1040,670761,411963
1041,475690,420212
1042,555815,431564
1043,544504,435105
1044,559698,403757
1045,540029,431108
1046,550599,427512
1047,523731,404747
1048,552614,405698
1049,569819,389830
1050,437468,449261
1051,561322,473181
1052,547467,428249
1053,575789,337136
1054,552519,443109
1055,626243,434835
1056,549505,426514
1057,492240,539242
1058,560227,441363
1059,561030,439050
1060,498433,386501
1061,571566,348938
1062,531484,418681
1063,571064,421038
1064,511578,477934
1065,614768,433212
1066,575159,355952
1067,546882,491538
1068,658249,458851
1069,544860,415900
1070,563645,483100
1071,509113,433214
1072,599399,491415
1073,546863,446509
1074,527044,345316
1075,588577,360468
1076,559409,434055
1077,596283,479036
1078,499436,442899
1079,613978,292982
1080,456190,480028
1081,519097,500369
1082,595184,437458
1083,525481,408507
1084,510267,426949
1085,547148,435677
1086,513319,442815
1087,587173,449183
1088,549320,462207
1089,561429,432347
1090,491552,413594
1091,495264,466224
1092,579463,437384
1093,535151,429278
1094,538697,483333
1095,511036,447734
1096,594360,367824
1097,536563,392008
1098,560500,439267
1099,490871,511719
1100,528328,432436
1101,565144,416025
1102,525461,390918
1103,546371,432422
1104,538782,473082
1105,611712,395925
1106,484168,387405
1107,551526,457442
1108,489505,420072
1109,600738,463163
1110,589889,475739
1111,514225,536816
1112,578615,447581
1113,553817,402394
1114,461670,393552
1115,597719,429710
1116,505651,444909
1117,516034,402424
1118,546287,438245
1119,596539,376915
1120,554524,405520
1121,568522,412767
1122,589979,394610
1123,517816,430769
1124,566260,366100
1125,599365,369570
1126,437196,403295
1127,475065,455494
1128,562697,439867
1129,474287,414463
1130,517042,433320
1131,526568,428022
1132,539611,398504
1133,569808,385206
1134,539631,417731
1135,536056,433013
1136,550433,455366
1137,499380,378456
1138,556204,478664
1139,563430,421182
1140,545045,424260
1141,553634,447321
1142,535370,426421
1143,562541,424860
1144,613299,443903
1145,542295,448653
1146,514456,471271
1147,511573,356527
1148,511377,447729
1149,479144,530599
1150,537444,434463
1151,538071,476262
1152,561644,437142
1153,541794,440513
1154,574696,453097
1155,535114,427111
1156,568190,462684
1157,551346,418392
1158,570220,437495
1159,496768,392238
1160,603715,446602
1161,562761,451747
1162,591406,478984
1163,567287,446702
1164,503884,445231
1165,488808,432042
1166,590610,363074
1167,502713,461159
1168,537914,440074
1169,541156,470641
1170,545384,440024
1171,546724,436025
1172,553439,391197
1173,459376,417560
1174,543882,433069
1175,541775,426833
1176,587665,442146
1177,546781,435921
1178,649819,402618
1179,589886,417783
1180,555177,411731
1181,545799,434875
1182,537358,433500
1183,474403,396993
1184,614391,432060
1185,525885,408633
1186,540590,500716
1187,539864,439369
1188,517804,430120
1189,615324,459379
1190,604153,425325
1191,538145,455848
1192,540472,433652
1193,534566,419446
1194,489749,431702
1195,554344,507754
1196,536341,503208
1197,535188,533997
1198,544385,417589
1199,551464,437752
1200,539973,435022
1201,528431,548215
1202,562797,537421
1203,508043,396501
1204,544049,438662
1205,518755,455241
1206,543510,406511
1207,465992,427732
1208,497761,545339
1209,503305,541419
1210,546148,439859
1211,544848,453980
1212,530976,510400
1213,476036,495210
1214,511620,442106
1215,549513,426946
1216,546765,437681
1217,635196,471927
1218,490878,419594
1219,587238,408202
1220,518503,427052
1221,533823,438128
1222,550848,429297
1223,555081,374919
1224,589141,508464
1225,502737,414379
1226,506686,362499
1227,548132,443869
1228,491170,526141
1229,561259,555874
1230,537607,467331
1231,528819,423088
1232,552075,458191
1233,488078,386485
1234,477080,439728
1235,553909,418551
1236,639407,453570
1237,546029,436971
1238,575548,403760
1239,540998,509845
1240,497663,411215
1241,550114,413363
1242,536199,410166
1243,593205,453290
1244,605722,365131
1245,549184,442333
1246,523254,437878
1247,535947,444924
1248,539919,458163
1249,572815,413163
1250,510224,508938
1251,793712,253869
1252,824235,182393
1253,761457,262653
1254,794985,311076
1255,779569,150623
1256,810617,247422
1257,855489,211373
1258,849254,283112
1259,808784,242254
1260,791155,234010
1261,809656,243885
1262,808163,241795
1263,767028,226008
1264,823630,251398
1265,782172,210780
1266,854342,282373
1267,842713,245312
1268,856465,252408
1269,822556,275760
1270,853014,268530
1271,815736,251749
1272,796737,235100
1273,734201,239635
1274,792133,192616
1275,807811,241810
1276,808336,241768
1277,840286,227016
1278,782953,207370
1279,876441,180658
1280,862557,237489
1281,805067,246062
1282,747163,257973
1283,860400,304313
1284,838811,224435
1285,765391,238154
1286,909774,177017
1287,805219,243830
1288,871274,195811
1289,809012,229132
1290,841925,346604
1291,808083,222905
1292,812151,245409
1293,800231,232016
1294,796530,215743
1295,756887,266465
1296,735435,285672
1297,837660,211926
1298,913662,134920
1299,749321,200484
1300,794629,248741
1301,804405,244473
1302,802111,214682
1303,807493,241644
1304,757011,220524
1305,733684,216569
1306,813657,150704
1307,813354,273784
1308,832128,271389
1309,766957,220939
1310,811077,267030
1311,806127,239206
1312,802856,239801
1313,797349,262013
1314,789086,256113
1315,870334,259442
1316,786819,217596
1317,724693,300946
1318,802289,237945
1319,745416,198118
1320,805167,195569
1321,804876,233484
1322,811122,234227
1323,746115,174758
1324,808918,240673
1325,783113,249571
1326,779407,216656
1327,795765,205593
1328,808909,244561
1329,793721,273544
1330,838678,285533
1331,816382,241539
1332,762228,170036
1333,785728,198547
1334,831392,233281
1335,852354,351771
1336,754394,188386
1337,833141,244991
1338,813108,245893
1339,796846,214589
1340,809373,167754
1341,766881,246119
1342,857835,179609
1343,807956,241772
1344,725843,266365
1345,782383,273638
1346,867714,178320
1347,819132,336025
1348,805575,259205
1349,776270,342297
1350,743869,285111
1351,806545,242423
1352,803229,246622
1353,826119,273742
1354,883855,276227
1355,872437,199366
1356,806010,253932
1357,885710,207920
1358,729156,251369
1359,755167,224395
1360,864001,143590
1361,778476,260039
1362,837897,231719
1363,806903,239418
1364,806003,241718
1365,766740,264258
1366,833070,262092
1367,788701,281634
1368,806172,256966
1369,801115,280568
1370,808036,251643
1371,808170,221769
1372,817749,245231
1373,803097,213517
1374,848376,221062
1375,801185,253763
1376,802481,245334
1377,806501,245656
1378,811051,233169
1379,794362,240626
1380,798852,242607
1381,835229,231967
1382,825468,252748
1383,860649,139962
1384,867303,312028
1385,827932,235274
1386,812413,250382
1387,783222,233377
1388,788340,235197
1389,828604,274972
1390,791483,203193
1391,815370,332003
1392,813230,241626
1393,837268,233956
1394,893118,141854
1395,891639,222727
1396,736002,275702
1397,727552,253350
1398,843731,255903
1399,851033,199614
1400,882714,199375
1401,786460,286314
1402,888806,185365
1403,758373,213773
1404,779551,283553
1405,774858,229972
1406,776245,193642
1407,799209,214049
1408,838295,205014
1409,843948,359339
1410,744947,233071
1411,809004,239858
1412,838840,290309
1413,863682,210058
1414,746395,338046
1415,761539,305396
1416,807424,243082
1417,848407,200373
1418,809929,244528
1419,819272,251346
1420,808243,245479
1421,709033,331978
1422,832767,240604
1423,818255,220116
1424,830163,216187
1425,811557,257847
1426,836277,272560
1427,869697,240782
1428,786991,226933
1429,847635,233364
1430,777123,255131
1431,794074,280755
1432,798365,261221
1433,792217,324106
1434,877409,279311
1435,836796,283381
1436,810776,255655
1437,797840,227260
1438,805699,244328
1439,822415,228782
1440,854434,182273
1441,808472,241370
1442,854078,216536
1443,776876,210752
1444,801580,233127
1445,804306,232302
1446,798674,182094
1447,830283,261867
1448,850261,182406
1449,833903,222088
1450,828641,216117
1451,798745,216888
1452,817239,280192
1453,845443,205967
1454,801965,207790
1455,777245,282920
1456,785719,212629
1457,784197,196482
1458,875397,193513
1459,803909,143451
1460,760109,274439
1461,825397,225267
1462,827196,230652
1463,833920,273791
1464,802930,232758
1465,761357,240327
1466,787830,198769
1467,800784,277894
1468,795091,246317
1469,789940,178354
1470,849885,226831
1471,844844,217626
1472,810720,231120
1473,777952,227175
1474,796301,253068
1475,836069,211456
1476,725662,243972
1477,821905,288624
1478,750750,213230
1479,867380,208671
1480,812709,248657
1481,770611,157778
1482,839690,166947
1483,811742,247347
1484,738001,235064
1485,765796,239017
1486,818500,263988
1487,856957,152113
1488,817541,128934
1489,896024,206022
1490,771206,278182
1491,731083,257941
1492,761600,171345
1493,825399,236897
1494,793786,240794
1495,804054,228959
1496,815671,220031
1497,817824,255477
1498,792697,226642
1499,772549,239088
1500,819347,262933
1501,818044,241088
1502,804961,254767
1503,770604,331322
1504,862313,195068
1505,793309,245111
1506,764197,149751
1507,771625,309015
1508,762995,137958
1509,801340,166195
1510,802692,248240
1511,799085,326294
1512,839602,141486
1513,806206,242953
1514,848656,242083
1515,814206,234837
1516,795132,261826
1517,809504,231713
1518,726964,244068
1519,797907,236008
1520,835193,255264
1521,784965,230062
1522,783617,262452
1523,874769,237445
1524,790023,162623
1525,869977,217315
1526,816583,285646
1527,819014,178971
1528,806564,228611
1529,776929,175876
1530,820114,241824
1531,809270,235480
1532,850080,301694
1533,775576,214729
1534,762220,201489
1535,787634,208637
1536,837705,183892
1537,743486,210190
1538,833976,214186
1539,750510,324130
1540,812921,256262
1541,874372,191594
1542,868167,228347
1543,815605,239519
1544,836059,221012
1545,856835,289341
1546,823141,203497
1547,806678,241501
1548,759976,283246
1549,803022,245592
1550,765715,281157
1551,823326,281490
1552,808523,242120
1553,808833,241692
1554,810615,244983
1555,834180,195070
1556,804550,222538
1557,809651,243502
1558,833713,231141
1559,760374,144848
1560,782321,250893
1561,816153,243422
1562,817075,249226
1563,831422,194245
1564,849016,229923
1565,819357,236228
1566,830726,223022
1567,809043,241386
1568,841856,249538
1569,860654,303649
1570,822417,228001
1571,762257,204672
1572,447100,578447
1573,435369,600655
1574,450681,614019
1575,446408,617816
1576,458825,608028
1577,437246,626679
1578,454357,627922
1579,472602,547751
1580,446070,660584
1581,436173,596885
1582,427674,649409
1583,429283,696036
1584,443685,556528
1585,459542,604591
1586,432232,612326
1587,441101,632597
1588,434308,622475
1589,451267,521677
1590,440009,607204
1591,452407,650191
1592,439403,647691
1593,443034,608016
1594,444433,600811
1595,454532,645000
1596,424823,632310
1597,440107,607385
1598,451719,596564
1599,443376,615484
1600,445431,608977
1601,444904,608335
1602,440573,587754
1603,420214,670760
1604,435259,600545
1605,452350,614438
1606,462959,604618
1607,437911,580427
1608,438421,597731
1609,448067,624888
1610,444800,611906
1611,437290,592669
1612,435894,584536
1613,407185,725388
1614,452789,601477
1615,444481,611260
1616,431354,637354
1617,430530,606861
1618,443303,611108
1619,445232,613051
1620,404544,731122
1621,429547,618065
1622,443000,608074
1623,435259,597598
1624,443703,660042
1625,427786,615834
1626,459700,534846
1627,452060,618631
1628,442216,648286
1629,462253,537194
1630,438157,612420
1631,427937,624218
1632,439556,639152
1633,451591,614155
1634,444028,612568
1635,447920,560215
1636,451407,613075
1637,441417,591083
1638,437912,608595
1639,442093,606830
1640,431324,619224
1641,452444,572715
1642,435969,661051
1643,443881,624977
1644,444942,615911
1645,442766,614279
1646,429488,612140
1647,432383,651805
1648,456268,606299
1649,446119,601343
1650,457620,595627
1651,455587,621993
1652,449467,594608
1653,484292,484470
1654,442884,634567
1655,454183,557625
1656,446602,609863
1657,447314,660847
1658,444661,611980
1659,449484,620119
1660,460069,601972
1661,443667,610462
1662,429709,610420
1663,432770,626516
1664,465949,562223
1665,454289,596414
1666,454280,559579
1667,438734,570107
1668,427073,632543
1669,427633,671587
1670,435182,619799
1671,455398,637265
1672,439176,594910
1673,430654,624767
1674,442973,609902
1675,446490,615129
1676,457700,581592
1677,436458,684903
1678,439176,608167
1679,444716,611868
1680,432474,624072
1681,488115,469542
1682,460814,598923
1683,440610,616231
1684,444957,611326
1685,451341,621998
1686,445433,600419
1687,453151,609498
1688,447397,603115
1689,435903,607885
1690,461734,555207
1691,445257,622466
1692,440588,612912
1693,433033,596889
1694,455143,610900
1695,440304,609973
1696,445410,611847
1697,443089,599479
1698,441386,593318
1699,439642,618354
1700,437908,613112
1701,441050,601420
1702,444301,603484
1703,453398,598101
1704,465954,589137
1705,433377,611151
1706,458454,615360
1707,435929,617842
1708,421163,659446
1709,444871,618411
1710,450314,633443
1711,439463,599626
1712,448441,609380
1713,476283,464782
1714,479558,478960
1715,458830,569403
1716,447284,614788
1717,453260,604938
1718,448654,619238
1719,451594,607751
1720,455084,577509
1721,460103,537011
1722,431669,612443
1723,441182,595293
1724,440135,646871
1725,462743,607252
1726,433777,658240
1727,449852,588780
1728,447370,572513
1729,446663,665376
1730,453116,618005
1731,443435,574546
1732,432211,640079
1733,445068,585477
1734,445275,610456
1735,437400,589213
1736,451402,606954
1737,442169,606218
1738,454191,645997
1739,436337,595330
1740,441697,647732
1741,438007,605764
1742,463609,594447
1743,454851,622054
1744,457673,601276
1745,448431,652248
1746,409604,719216
1747,450238,522433
1748,467528,527093
1749,460222,611610
1750,447791,590725
1751,423351,683613
1752,451508,619873
1753,458908,601967
1754,447797,546020
1755,431542,625990
1756,422092,641107
1757,447028,613881
1758,450049,619865
1759,447016,561170
1760,448043,593794
1761,439602,621588
1762,448315,608918
1763,435287,618215
1764,457799,531754
1765,449352,662964
1766,448601,619650
1767,426524,626797
1768,432586,619808
1769,445966,677989
1770,443815,614792
1771,434851,666009
1772,454453,601665
1773,453894,590031
1774,452896,612311
1775,430612,606441
1776,455847,628630
1777,442111,607639
1778,437259,607669
1779,446497,614809
1780,419102,657777
1781,445558,608647
1782,449157,606166
1783,450585,629141
1784,451192,645577
1785,466810,585085
1786,410728,703979
1787,463350,513874
1788,452016,618875
1789,455258,619604
1790,441151,624453
1791,426596,668966
1792,431234,715466
1793,449808,623716
1794,452325,582322
1795,438918,619134
1796,430219,697004
1797,421865,680145
1798,448273,610829
1799,439431,589794
1800,441640,557306
1801,445421,611266
1802,417525,730640
1803,463173,567989
1804,436106,602036
1805,446833,618978
1806,451552,593032
1807,447928,606070
1808,443714,630494
1809,432886,615881
1810,435784,630866
1811,444646,611399
1812,437055,626421
1813,445625,604103
1814,443295,608421
1815,458798,606668
1816,456815,601069
1817,445849,618695
1818,435738,597721
1819,444166,604960
1820,444654,611294
1821,446989,611213
1822,443394,600502
1823,444258,609593
1824,447378,614919
1825,442751,637825
1826,441698,599768
1827,449888,537655
1828,441842,568237
1829,439549,635233
1830,430760,623698
1831,441395,627766
1832,442693,651800
1833,453303,602495
1834,414615,681241
1835,448826,537561
1836,449198,571244
1837,454814,638844
1838,447191,614648
1839,440342,640970
1840,433360,610138
1841,445370,607679
1842,445975,613913
1843,430262,612441
1844,440026,605811
1845,444154,614500
1846,440323,609745
1847,460254,614964
1848,444577,563762
1849,459997,607534
1850,428680,639406
1851,444738,611875
1852,444980,611522
1853,458310,547878
1854,438169,621102
1855,434019,616578
1856,410144,740535
1857,449172,600937
1858,435811,641521
1859,464456,493206
1860,443959,598236
1861,456121,574226
1862,419611,661423
1863,440645,592763
1864,447921,606239
1865,460039,605406
1866,450032,538394
1867,444664,674374
1868,455235,607006
1869,440869,641767
1870,436562,591307
1871,457839,604606
1872,438862,612483
1873,446792,622224
1874,432748,681751
1875,458338,602245
1876,442587,550292
1877,440230,613281
1878,435171,615060
1879,435961,621895
1880,440263,597790
1881,435502,608309
1882,448529,624596
1883,445563,607178
1884,447221,603897
1885,434199,615311
1886,442585,606098
1887,438100,647695
1888,431219,622664
1889,466686,564414
1890,427888,612137
1891,414871,690586
1892,463011,595165
1893,434131,629601
1894,458400,596749
1895,445690,614204
1896,435454,582389
1897,445342,612352
1898,461991,549808
1899,448311,603242
1900,450265,621323
1901,818219,458739
1902,744672,487943
1903,785537,466675
1904,743636,471281
1905,721661,472652
1906,811687,518457
1907,760680,472076
1908,667308,499492
1909,766891,499298
1910,744754,395698
1911,745417,531869
1912,735299,489289
1913,798153,453443
1914,677507,492264
1915,777922,503642
1916,758367,480084
1917,701688,536794
1918,691947,542928
1919,700622,405473
1920,715550,491875
1921,712286,485779
1922,804251,449725
1923,768116,501273
1924,745392,490092
1925,760154,465762
1926,739491,465044
1927,779578,465354
1928,740221,488781
1929,727117,496485
1930,696679,509407
1931,825530,459159
1932,741447,490496
1933,661797,479217
1934,718768,455594
1935,748297,514711
1936,771552,478145
1937,742585,490760
1938,753689,466700
1939,766195,525851
1940,775493,482993
1941,696197,438238
1942,739452,553002
1943,768513,393439
1944,657515,479703
1945,808800,435369
1946,745501,490810
1947,715169,485793
1948,744998,491614
1949,782056,538516
1950,718647,424172
1951,764609,489583
1952,763534,501405
1953,746579,511998
1954,785199,496523
1955,739771,507383
1956,745690,489349
1957,766343,470788
1958,765406,482869
1959,745458,491697
1960,749939,486902
1961,731377,498220
1962,771727,481735
1963,737591,465673
1964,752795,492722
1965,740259,516438
1966,757130,489186
1967,754784,486474
1968,701301,485544
1969,766959,499957
1970,756304,489736
1971,789720,518559
1972,745921,565171
1973,746925,503747
1974,775990,473484
1975,757951,459274
1976,717757,502933
1977,739644,492615
1978,685813,420491
1979,749620,446114
1980,751490,503108
1981,780624,523562
1982,764556,501749
1983,714111,509663
1984,651301,477080
1985,748808,506234
1986,743071,496017
1987,839170,510675
1988,737277,494037
1989,730517,494716
1990,781105,493570
1991,723443,496326
1992,727728,486854
1993,738050,503128
1994,751827,506545
1995,744128,491509
1996,740862,482333
1997,769904,494189
1998,680187,465189
1999,764305,518728
2000,740262,454955
2001,705432,514922
2002,721349,461213
2003,753995,491831
2004,777463,500299
2005,751796,445457
2006,787906,558654
2007,745454,488276
2008,737826,491074
2009,745033,491606
2010,737370,495925
2011,679889,493203
2012,739253,483120
2013,725641,530996
2014,744128,537362
2015,699536,450629
2016,725081,485892
2017,755578,395916
2018,755920,505968
2019,698637,479409
2020,728129,500290
2021,765069,395708
2022,685690,459731
2023,751359,489325
2024,691104,470705
2025,740118,531723
2026,785655,508844
2027,741888,484144
2028,746713,501892
2029,781871,480793
2030,789905,516728
2031,762190,469655
2032,652041,437907
2033,721998,450358
2034,771567,443784
2035,786637,449043
2036,780565,507134
2037,720719,478954
2038,818977,548276
2039,742129,489709
2040,717489,450861
2041,771764,496863
2042,839507,510409
2043,747241,474168
2044,763104,470945
2045,709537,529162
2046,756251,468939
2047,739447,497012
2048,744281,498059
2049,802128,475573
2050,748938,475486
2051,704065,426062
2052,673866,497010
2053,657004,483127
2054,696264,534642
2055,718455,546526
2056,747904,486697
2057,741784,485006
2058,752511,493459
2059,658397,474679
2060,689373,481718
2061,735419,521089
2062,813911,494530
2063,736699,495571
2064,741679,482804
2065,796870,493350
2066,790913,434009
2067,733227,508516
2068,712687,527762
2069,721334,470136
2070,784475,589185
2071,758563,500321
2072,739547,489215
2073,750308,483196
2074,750854,463676
2075,732037,521822
2076,746425,494200
2077,728512,466105
2078,827519,523909
2079,732792,438957
2080,825078,486120
2081,723331,488479
2082,751250,554067
2083,672462,515287
2084,752431,474401
2085,776746,542829
2086,746258,490697
2087,744842,490334
2088,771250,521703
2089,782116,487638
2090,766054,500996
2091,757582,487189
2092,784643,462183
2093,786453,437687
2094,768918,444830
2095,743862,420503
2096,756376,469701
2097,745773,515857
2098,755676,496120
2099,788465,498692
2100,740196,515856
2101,729956,570278
2102,692017,350411
2103,778300,495684
2104,770734,513047
2105,839244,520420
2106,837533,541144
2107,755622,389100
2108,683156,477909
2109,749007,465411
2110,746916,486226
2111,747666,478824
2112,796502,510572
2113,781518,491802
2114,734537,513380
2115,777438,503372
2116,746927,493782
2117,782638,472545
2118,686890,533353
2119,736648,486939
2120,770320,449290
2121,736308,496256
2122,694554,535143
2123,731019,488690
2124,747697,489436
2125,724508,471646
2126,728414,498907
2127,702554,535597
2128,759434,490376
2129,695726,486749
2130,797473,471372
2131,745294,492940
2132,761897,442656
2133,693716,476453
2134,729190,580460
2135,790062,485624
2136,750835,484965
2137,804706,508099
2138,745027,489971
2139,752645,478941
2140,761125,545456
2141,738676,488228
2142,774857,499250
2143,674726,483779
2144,743304,462660
2145,734294,489972
2146,742707,446699
2147,693853,483179
2148,740373,488728
2149,738729,512733
2150,748030,471059
2151,754610,489442
2152,751376,493290
2153,772549,498648
2154,745511,464200
2155,784908,598626
2156,800642,547740
2157,764201,504873
2158,726987,487946
2159,751489,442230
2160,759258,407764
2161,764112,512367
2162,783936,495842
2163,745285,491152
2164,737497,445283
2165,734479,474887
2166,753541,513095
2167,747199,581068
2168,779361,467379
2169,759544,452684
2170,767537,476326
2171,779260,465853
2172,759503,507476
2173,653418,491119
2174,731808,483131
2175,697936,482887
2176,739490,457808
2177,725595,498992
2178,744105,488265
2179,734111,502380
2180,714663,545229
2181,705578,505385
2182,774790,505536
2183,742720,483440
2184,690411,504116
2185,744972,529838
2186,748626,467103
2187,772618,505985
2188,759501,501657
2189,788686,475140
2190,707047,411898
2191,759900,480354
2192,721240,488869
2193,749909,495121
2194,731573,423211
2195,735690,487883
2196,736447,495116
2197,736840,480400
2198,766906,565918
2199,777336,493593
2200,742956,482214
2201,691442,511116
2202,676995,476288
2203,737776,506695
2204,737775,515859
2205,746789,484134
2206,702306,508607
2207,700190,518411
2208,734587,494087
2209,738362,540660
2210,743423,497525
2211,681136,488487
2212,791228,500692
2213,745226,489261
2214,728996,491089
2215,743598,490116
2216,773513,499993
2217,739663,533583
2218,648157,464934
2219,746257,489489
2220,754966,558120
2221,731717,480912
2222,781393,496807
2223,755246,509169
2224,718862,480199
2225,747883,519302
2226,744025,492118
2227,727112,497222
2228,724127,529035
2229,734376,455402
2230,736327,493658
2231,661222,492516
2232,780931,476348
2233,719728,508053
2234,768226,555200
2235,800317,784636
2236,813882,790297
2237,811050,797793
2238,802282,801674
2239,790311,781251
2240,774427,788519
2241,865085,777786
2242,818350,787409
2243,815889,783684
2244,816463,800337
2245,815268,782521
2246,806535,822224
2247,832317,794891
2248,809154,792606
2249,807272,807084
2250,803126,793952
2251,772765,829968
2252,748190,797315
2253,811562,798728
2254,811233,796697
2255,806068,811127
2256,808610,801067
2257,820422,805195
2258,800994,792867
2259,818562,793459
2260,810642,797694
2261,810409,793197
2262,792069,780712
2263,815892,803983
2264,779163,791549
2265,804879,811064
2266,811111,798591
2267,798050,785780
2268,794594,796647
2269,800880,821084
2270,801852,797430
2271,813805,794889
2272,684742,858350
2273,849765,799977
2274,811006,799360
2275,752217,796250
2276,845878,785568
2277,770665,821201
2278,839914,798603
2279,782173,797095
2280,763493,808260
2281,816224,792191
2282,790536,796206
2283,812533,805236
2284,815790,795797
2285,817150,793334
2286,800081,798478
2287,827452,805731
2288,753254,805073
2289,712652,814903
2290,837545,807762
2291,762397,803499
2292,814040,798210
2293,775353,785881
2294,811672,805014
2295,848200,804071
2296,814419,790706
2297,801854,795090
2298,808649,800874
2299,815014,790524
2300,800539,794875
2301,826452,774195
2302,813755,789306
2303,803210,779021
2304,783620,829765
2305,811619,799698
2306,709277,840357
2307,808478,795327
2308,761486,827536
2309,838705,773992
2310,810812,798446
2311,786935,791732
2312,800668,815680
2313,792980,821154
2314,807147,776017
2315,851656,790283
2316,825953,804985
2317,852355,792202
2318,817868,793701
2319,815645,811090
2320,834080,801772
2321,746273,810719
2322,862496,778936
2323,829158,817432
2324,817826,776448
2325,814716,818970
2326,808612,800038
2327,763526,799481
2328,798177,799333
2329,844586,802273
2330,828381,790305
2331,812051,780503
2332,810514,802370
2333,815619,802774
2334,822284,774498
2335,823994,791174
2336,821453,779300
2337,726276,836622
2338,846308,810323
2339,812282,802500
2340,820325,799356
2341,810158,800509
2342,830963,776249
2343,828273,800409
2344,806713,819895
2345,804078,808708
2346,831445,773615
2347,811385,793975
2348,882553,782545
2349,830856,816331
2350,809052,785192
2351,845361,796494
2352,836085,766127
2353,810403,799127
2354,810563,799792
2355,760137,803552
2356,751620,820060
2357,808740,798806
2358,852753,799139
2359,794086,791644
2360,815442,805892
2361,813406,779457
2362,828420,778270
2363,841353,810185
2364,788090,798495
2365,896122,752214
2366,807593,810444
2367,854520,808339
2368,806768,823619
2369,815330,805167
2370,772496,803150
2371,805108,796673
2372,840496,769202
2373,875012,768919
2374,862306,765939
2375,837251,807197
2376,793340,781982
2377,819165,810616
2378,879185,797717
2379,798852,827092
2380,802157,792844
2381,814428,817590
2382,824529,807816
2383,776070,829533
2384,758092,832345
2385,826726,795730
2386,776003,790728
2387,841726,800729
2388,846786,765439
2389,802870,819655
2390,811161,798794
2391,806610,814590
2392,803063,809522
2393,834569,809292
2394,824219,801663
2395,762598,815926
2396,804861,826217
2397,808589,793608
2398,811491,798866
2399,824463,818956
2400,813497,822786
2401,802641,794320
2402,798398,827206
2403,836616,812262
2404,808701,800100
2405,806309,805747
2406,807546,803599
2407,812855,795781
2408,832359,781195
2409,808459,797917
2410,844453,807177
2411,795810,797565
2412,812775,800227
2413,833218,782008
2414,902127,790356
2415,851161,798515
2416,834253,806535
2417,810198,799363
2418,805723,788560
2419,818972,795586
2420,786133,824977
2421,871946,767622
2422,780537,795247
2423,788649,794537
2424,812179,799484
2425,819533,799169
2426,810233,797993
2427,772515,835615
2428,807776,793655
2429,806119,784986
2430,845500,789584
2431,849098,786555
2432,769350,788631
2433,830472,784347
2434,804095,806441
2435,837448,786979
2436,809435,797683
2437,798097,792059
2438,803357,779049
2439,828589,808321
2440,688923,822917
2441,817776,808814
2442,777392,785033
2443,814227,796434
2444,892881,792214
2445,849209,792426
2446,808499,792311
2447,772973,813821
2448,856014,784608
2449,880096,760613
2450,820461,797871
2451,787229,807186
2452,807914,798232
2453,824520,816576
2454,819784,779387
2455,793972,784171
2456,850054,775827
2457,815919,801046
2458,813274,800479
2459,733659,846262
2460,787857,788060
2461,765996,826401
2462,835927,776081
2463,811536,800108
2464,795556,798494
2465,811762,777181
2466,845455,809831
2467,801399,812391
2468,811030,804846
2469,812057,805634
2470,954037,754046
2471,801110,809783
2472,805663,799265
2473,766780,820253
2474,819233,774163
2475,842369,781218
2476,816267,820949
2477,809664,810841
2478,809626,801102
2479,803374,814949
2480,793044,820441
2481,817013,794412
2482,803922,782547
2483,808035,798648
2484,799944,816622
2485,882811,793520
2486,808680,796706
2487,817649,793894
2488,811896,798882
2489,811431,773910
2490,791917,803419
2491,811114,797982
2492,804722,818319
2493,809031,794833
2494,846172,787246
2495,795683,807841
2496,820895,770082
2497,814195,799627
2498,813666,801736
2499,794412,821642
2500,866119,772773
2501,833899,769899
2502,800075,792980
2503,793835,803740
2504,747595,808890
2505,815019,804514
2506,774498,791774
2507,828759,807565
2508,797410,792297
2509,773559,811913
2510,777063,793465
2511,778859,812924
2512,827063,782736
2513,813325,799374
2514,817057,799945
2515,808789,803743
2516,811794,796546
2517,758239,811790
2518,811526,798522
2519,820837,796472
2520,762099,802683
2521,854479,761858
2522,852585,769444
2523,792700,826386
2524,771857,793747
2525,810044,791867
2526,773322,815967
2527,808797,782400
2528,772267,786407
2529,821809,776574
2530,850867,794795
2531,827966,798346
2532,809615,782697
2533,841746,765533
2534,809140,809166
2535,760079,809519
2536,903112,748680
2537,816200,783338
2538,818466,801242
2539,811844,795617
2540,805778,794695
2541,793557,795249
2542,799520,804177
2543,898849,767378
2544,810560,798181
2545,830952,784116
2546,776951,822900
2547,793031,790061
2548,808698,813898
2549,809098,796696
2550,826957,812482
2551,820493,816355
2552,809186,790562
2553,805060,785568
2554,828989,784053
2555,785544,795681
2556,818964,801925
2557,840579,786111
2558,781601,808491
2559,782521,782691
2560,788766,823901
2561,847740,764964
2562,837971,773332
2563,800539,823945
2564,812502,800441
2565,760867,799121
2566,815737,804639
2567,800968,811241
2568,666089,834004
2569,663355,712969
2570,621522,740455
2571,635643,769436
2572,675306,759322
2573,662388,702735
2574,631228,738355
2575,618043,759128
2576,658668,727864
2577,577939,713682
2578,578115,647986
2579,667218,717759
2580,633117,708577
2581,590219,637555
2582,629694,706231
2583,600117,727120
2584,595905,708060
2585,571086,725107
2586,664594,695034
2587,664481,709254
2588,605036,714271
2589,640037,713785
2590,657586,724372
2591,641567,698735
2592,655793,705794
2593,694243,777923
2594,650118,739354
2595,625348,716968
2596,674203,723060
2597,607366,794211
2598,728537,782503
2599,636134,677351
2600,680555,646090
2601,616343,714532
2602,636986,733872
2603,641756,723448
2604,642156,719494
2605,673940,685535
2606,638563,721974
2607,617223,759236
2608,666434,795317
2609,650616,745355
2610,644829,715595
2611,628266,714048
2612,614978,720929
2613,621371,632289
2614,627449,758729
2615,703914,726785
2616,749598,763757
2617,742388,753054
2618,617282,739230
2619,629683,689530
2620,630843,719036
2621,634532,716093
2622,634214,708358
2623,628856,751488
2624,705772,693959
2625,638982,719285
2626,587652,724621
2627,643835,717689
2628,642061,703080
2629,680868,731424
2630,647974,734779
2631,592707,669467
2632,659403,713194
2633,651363,677982
2634,614618,734345
2635,644438,720614
2636,625398,783528
2637,623234,700831
2638,589875,662805
2639,636688,682078
2640,649471,717081
2641,619595,706496
2642,639029,714515
2643,624252,713773
2644,644538,719707
2645,634803,719010
2646,640350,716486
2647,617866,626069
2648,595870,694998
2649,640447,732249
2650,657571,721522
2651,575169,678903
2652,640485,708409
2653,621979,764543
2654,656764,717599
2655,636714,764339
2656,688874,674571
2657,673737,716750
2658,640545,719321
2659,648627,715000
2660,680227,725783
2661,642156,702212
2662,643279,717650
2663,651261,650210
2664,619626,709345
2665,637681,686532
2666,573020,690010
2667,633199,696635
2668,599265,707098
2669,601118,714354
2670,641842,702995
2671,632370,701340
2672,608368,700007
2673,578988,672472
2674,638705,715159
2675,613932,677231
2676,644853,729111
2677,622277,680778
2678,593708,756565
2679,637061,716304
2680,641164,670236
2681,600402,716490
2682,615211,738645
2683,672211,778530
2684,610174,773555
2685,667479,679479
2686,636169,706669
2687,640386,714859
2688,649453,717922
2689,712029,783889
2690,592222,693517
2691,651585,660825
2692,633304,754799
2693,647577,711195
2694,657545,781613
2695,639437,657390
2696,655486,699195
2697,649760,788229
2698,619325,698780
2699,642584,700876
2700,666128,731003
2701,587018,731896
2702,658798,678713
2703,639138,713564
2704,640407,699332
2705,628732,709659
2706,597091,721757
2707,625293,728810
2708,637459,716775
2709,631939,715432
2710,639767,716618
2711,657470,776215
2712,644574,724986
2713,643326,667754
2714,637013,716551
2715,637928,736516
2716,638524,716979
2717,641037,749494
2718,744175,824183
2719,630888,721150
2720,682697,691654
2721,643035,794315
2722,650554,749918
2723,590310,693864
2724,696877,774723
2725,639224,725980
2726,577546,721880
2727,568534,684407
2728,690850,689909
2729,615247,717251
2730,648244,757652
2731,614355,744609
2732,598498,733367
2733,636147,756083
2734,640146,716376
2735,623215,759842
2736,620171,682152
2737,625273,757065
2738,642302,720219
2739,640794,716774
2740,632199,677873
2741,677482,731155
2742,683887,763501
2743,571889,734967
2744,644095,713949
2745,674833,774365
2746,633990,715067
2747,588052,698231
2748,582502,734232
2749,629241,709064
2750,621793,691450
2751,564985,720790
2752,608073,717718
2753,649264,623529
2754,625470,711928
2755,635743,700164
2756,639458,695115
2757,657070,728343
2758,623562,815551
2759,628271,713663
2760,614013,717118
2761,664363,719884
2762,646682,778239
2763,643031,711746
2764,635888,714638
2765,637926,760128
2766,706465,730410
2767,598688,641355
2768,636357,710148
2769,619179,722481
2770,575423,679721
2771,644324,711134
2772,650187,695637
2773,594784,713427
2774,669413,626722
2775,638107,719254
2776,616146,714529
2777,600414,710999
2778,638239,720591
2779,621026,726987
2780,643758,642099
2781,631541,719940
2782,632907,723310
2783,556196,697263
2784,625338,753765
2785,608865,760275
2786,644289,714585
2787,654608,717068
2788,647933,681045
2789,600938,632401
2790,644141,714046
2791,652753,681903
2792,673086,711329
2793,677109,760072
2794,692705,734434
2795,661454,768233
2796,639972,713150
2797,641471,715828
2798,591801,614048
2799,643566,727250
2800,642738,714776
2801,645620,711331
2802,638646,715577
2803,639716,713819
2804,640123,716370
2805,636036,719743
2806,679473,830964
2807,614791,755467
2808,630101,718174
2809,600690,715512
2810,639919,716397
2811,591948,697390
2812,631587,656092
2813,633313,755930
2814,642079,712689
2815,638940,715883
2816,582307,680357
2817,741709,741282
2818,635638,728110
2819,681534,767969
2820,638626,722646
2821,643958,695240
2822,562522,643515
2823,676366,743485
2824,654027,722884
2825,648785,731624
2826,632325,718150
2827,632400,717327
2828,699585,703025
2829,643425,712951
2830,647952,692203
2831,644464,717988
2832,609497,690486
2833,624086,658572
2834,591266,693611
2835,644299,720467
2836,695676,689657
2837,719566,732237
2838,643481,712387
2839,621553,724972
2840,675171,644567
2841,642088,717688
2842,631286,738866
2843,598179,722745
2844,661574,646984
2845,597177,721927
2846,638644,718384
2847,675532,657020
2848,637237,710890
2849,627082,747118
2850,641684,622495
2851,610549,787508
2852,692090,719344
2853,594137,703143
2854,635109,757188
2855,635261,760734
2856,639214,723166
2857,657024,681096
2858,632584,729817
2859,575738,712438
2860,634015,748405
2861,640792,716461
2862,638930,750970
2863,595684,714098
2864,644682,714745
2865,687122,738565
2866,582189,696266
2867,662371,692744
2868,689387,732193
2869,631305,772757
2870,621234,756293
2871,647217,690066
2872,651002,770893
2873,599630,680197
2874,692902,724241
2875,635307,687584
2876,624302,673977
2877,597977,724431
2878,631749,686314
2879,586797,700555
2880,651464,674550
2881,644259,663182
2882,640577,744002
2883,694967,681439
2884,598907,762599
2885,603651,724290
2886,661592,678312
2887,628898,734733
2888,634058,735934
2889,651540,690618
2890,743595,771912
2891,642879,718910
2892,547785,707002
2893,657408,727645
2894,642638,702608
2895,667783,714977
2896,587867,711394
2897,673200,729390
2898,641257,715039
2899,644255,713073
2900,639626,719489
2901,597290,605851
2902,731514,795689
2903,631408,769161
2904,638880,702053
2905,620283,658094
2906,651419,667815
2907,639893,715879
2908,430958,399843
2909,288309,429308
2910,389692,397293
2911,380526,401970
2912,292021,390076
2913,324928,471447
2914,371433,385799
2915,377209,412253
2916,387305,387873
2917,369117,397361
2918,310010,399662
2919,370048,374155
2920,360551,355205
2921,268104,419269
2922,344883,383901
2923,354753,378429
2924,367537,392135
2925,353389,370521
2926,381174,352881
2927,410449,395441
2928,353786,443365
2929,373259,425038
2930,367991,414300
2931,424221,332081
2932,368967,393063
2933,373155,348025
2934,356869,407779
2935,421918,372834
2936,363808,379256
2937,318948,427185
2938,369319,393167
2939,441676,361920
2940,367443,386597
2941,343367,432603
2942,399464,396822
2943,367746,412765
2944,343712,387222
2945,330645,428927
2946,366129,390623
2947,368286,384336
2948,360144,423007
2949,442589,347988
2950,426703,307919
2951,355911,408576
2952,330703,388501
2953,319314,380972
2954,365073,439999
2955,365850,390295
2956,369301,398897
2957,365576,408520
2958,372873,380333
2959,314268,433123
2960,363186,405653
2961,407957,346707
2962,320065,449062
2963,448553,386656
2964,366440,394547
2965,370161,335319
2966,382560,400741
2967,374652,399152
2968,373050,380559
2969,340119,374760
2970,332999,468819
2971,368043,392456
2972,349724,389875
2973,355185,402533
2974,345337,367192
2975,398226,429400
2976,387524,382630
2977,358775,393808
2978,377224,415288
2979,374349,387203
2980,376056,389093
2981,370125,422037
2982,367014,393820
2983,381777,398466
2984,463226,372108
2985,362310,400633
2986,358405,437704
2987,398464,340720
2988,332650,380018
2989,310248,404023
2990,362438,399028
2991,441567,317507
2992,386106,399316
2993,331518,400351
2994,355079,406943
2995,385732,386672
2996,362249,399055
2997,358666,369179
2998,334983,444655
2999,396407,383762
3000,420275,394734
3001,491692,335511
3002,410085,382004
3003,361204,407569
3004,371227,425832
3005,434135,369029
3006,383912,396636
3007,374141,387057
3008,285057,398068
3009,366346,353823
3010,376299,422302
3011,428290,339225
3012,370173,377657
3013,347618,389340
3014,392049,421698
3015,356047,415080
3016,366133,381852
3017,399141,363105
3018,367907,393330
3019,382234,374317
3020,389870,359416
3021,363455,393835
3022,364705,393275
3023,422576,328431
3024,454855,338314
3025,362345,388691
3026,369261,362808
3027,351901,420388
3028,349531,407934
3029,428747,325439
3030,423706,326116
3031,353701,444532
3032,371602,391306
3033,340261,373503
3034,356193,425466
3035,368765,387791
3036,379895,442982
3037,354246,416218
3038,353782,372623
3039,361326,366997
3040,368932,390922
3041,365735,393981
3042,378943,368751
3043,392160,327855
3044,427432,397464
3045,367982,393206
3046,364036,409097
3047,344531,365263
3048,357000,421753
3049,369441,392952
3050,489693,353205
3051,367173,393741
3052,442860,361976
3053,433651,314903
3054,367478,393206
3055,369993,409013
3056,343270,362023
3057,358829,388192
3058,280484,412725
3059,379667,374359
3060,351611,456804
3061,348503,388328
3062,421443,415243
3063,378071,376634
3064,357600,357844
3065,456365,378763
3066,313559,440588
3067,368047,442140
3068,362095,375130
3069,411435,350026
3070,382507,407790
3071,400940,394734
3072,390136,373731
3073,460753,343011
3074,415242,393698
3075,342396,391351
3076,352868,389859
3077,277460,489953
3078,299780,465541
3079,365940,382162
3080,366415,382828
3081,305291,391982
3082,426977,370168
3083,375673,334323
3084,367277,402046
3085,459889,378512
3086,417706,382840
3087,298298,412540
3088,443267,354086
3089,442961,340392
3090,367754,393108
3091,361296,350811
3092,322284,366148
3093,380737,407473
3094,331877,398559
3095,366854,379273
3096,398340,320864
3097,350796,417352
3098,386988,366181
3099,374922,401941
3100,372656,413812
3101,407528,392953
3102,373317,372501
3103,413899,355953
3104,372904,398412
3105,380871,408007
3106,381376,377613
3107,366700,428246
3108,375047,419886
3109,369039,368296
3110,357287,426880
3111,351337,391989
3112,422686,391507
3113,322113,402088
3114,313827,453626
3115,366725,388304
3116,348020,368414
3117,345259,444293
3118,373422,398453
3119,375594,387963
3120,354488,384371
3121,354776,373819
3122,367020,431868
3123,343924,394943
3124,396363,342426
3125,368565,395000
3126,334752,421063
3127,357589,405480
3128,344657,412267
3129,354327,437800
3130,222541,517853
3131,374454,395268
3132,407287,396215
3133,358416,380452
3134,385765,393384
3135,380383,436027
3136,371335,373351
3137,369432,351894
3138,387426,417490
3139,318015,426565
3140,357073,452459
3141,428772,326127
3142,361333,397801
3143,502547,326866
3144,400453,373153
3145,454810,368218
3146,390831,423223
3147,379720,412464
3148,377959,390933
3149,360856,391213
3150,396309,431852
3151,379709,333917
3152,418477,330985
3153,433533,301452
3154,313258,420642
3155,371646,395045
3156,398572,370806
3157,366902,392557
3158,380779,374190
3159,348212,422593
3160,348347,406831
3161,386604,403766
3162,368841,393444
3163,379759,373200
3164,474000,373102
3165,305869,455262
3166,382235,404889
3167,354459,372458
3168,360152,349546
3169,323547,454905
3170,355229,393737
3171,343774,374746
3172,353121,391609
3173,398762,385070
3174,345068,427644
3175,409536,399697
3176,375052,374682
3177,346936,396623
3178,488198,321077
3179,363473,411857
3180,370698,404478
3181,366118,405813
3182,347698,375328
3183,374102,376481
3184,366822,387881
3185,313542,382249
3186,406898,360586
3187,338836,392104
3188,282532,404029
3189,329281,383861
3190,367073,391036
3191,375745,410134
3192,363715,392813
3193,373658,379638
3194,382850,370992
3195,368491,394700
3196,338194,397747
3197,394127,373540
3198,329464,361453
3199,402219,389373
3200,366609,367590
3201,372599,393499
3202,250378,432191
3203,385749,377554
3204,407544,369095
3205,354255,411629
3206,367885,392222
3207,371499,426312
3208,380653,396567
3209,395810,409693
3210,297938,433375
3211,381179,414445
3212,437877,347481
3213,306945,480371
3214,316990,373690
3215,392894,402564
3216,355056,436711
3217,346323,383200
3218,375671,422534
3219,359173,399693
3220,348403,367914
3221,391934,357410
3222,382289,412552
3223,359234,385642
3224,350137,390854
3225,433131,354612
3226,414002,404047
3227,313426,373193
3228,365893,395684
3229,352861,404254
3230,423259,413108
3231,342536,385968
3232,378734,360574
3233,324529,411839
3234,341410,388137
3235,382313,353149
3236,310836,453367
3237,305482,426633
3238,368911,387905
3239,415434,378044
3240,355387,401760
3241,400394,380796
3242,433951,333853
3243,370049,391721
3244,361416,396369
3245,382069,429732
3246,377351,397813
3247,374602,414232
3248,391042,431684
3249,305056,468145
3250,374829,382877
3251,377098,347754
3252,393767,397550
3253,144268,276753
3254,215028,220479
3255,153160,241301
3256,204085,181687
3257,148601,267824
3258,150396,243417
3259,75053,198882
3260,160715,202648
3261,149811,261597
3262,137141,205921
3263,179778,277955
3264,165119,242674
3265,135664,249619
3266,157148,244335
3267,150545,140302
3268,172609,209554
3269,141123,227935
3270,177806,154620
3271,96693,226847
3272,159801,255188
3273,158279,306457
3274,106594,298013
3275,164852,249505
3276,178416,232560
3277,157237,214768
3278,119152,233480
3279,150318,246184
3280,150718,240605
3281,119669,227422
3282,112325,286166
3283,140863,217226
3284,114710,237058
3285,150277,238132
3286,260493,232066
3287,192924,285957
3288,157361,236655
3289,120477,343024
3290,167164,191976
3291,217034,193419
3292,156209,240252
3293,192247,242718
3294,162975,233798
3295,165909,230495
3296,95532,259570
3297,170130,205170
3298,176560,202712
3299,163715,316643
3300,116514,334971
3301,205220,178756
3302,170867,249578
3303,123642,285790
3304,160154,247973
3305,142910,232333
3306,72590,266630
3307,194651,259000
3308,217323,208526
3309,167022,245603
3310,172229,208129
3311,153365,176988
3312,140479,249911
3313,122241,215836
3314,153113,210707
3315,217418,274869
3316,134197,229036
3317,150866,251334
3318,88899,193473
3319,133925,284607
3320,166422,235921
3321,203424,155150
3322,169129,246178
3323,204581,229675
3324,175763,259085
3325,148822,224002
3326,145445,241063
3327,90601,251094
3328,94069,310203
3329,134257,281279
3330,210968,268894
3331,72179,193748
3332,162440,248306
3333,158466,255685
3334,108151,255519
3335,190921,241361
3336,129364,269179
3337,142602,169045
3338,157863,234771
3339,126120,302129
3340,188602,207706
3341,140044,236985
3342,139681,279210
3343,176697,232285
3344,165098,235353
3345,185138,253839
3346,177499,229724
3347,99933,167407
3348,88352,153257
3349,157112,237132
3350,163478,206806
3351,201618,230336
3352,173603,280590
3353,141639,249631
3354,220177,221674
3355,138443,274842
3356,118564,178036
3357,127565,288773
3358,231852,300137
3359,131034,236016
3360,126159,254707
3361,130423,177562
3362,153854,219971
3363,149485,221996
3364,183658,234419
3365,187411,351115
3366,126009,263298
3367,187212,296109
3368,178011,245705
3369,158055,169233
3370,117834,270265
3371,156732,235033
3372,193316,188676
3373,171343,274816
3374,107689,282750
3375,155227,237869
3376,212672,226100
3377,134601,255747
3378,152195,242436
3379,141439,241858
3380,132333,232073
3381,141096,255435
3382,138027,196894
3383,107048,276231
3384,110917,233442
3385,77867,176841
3386,81578,203212
3387,118882,213794
3388,138610,243160
3389,95940,250198
3390,138317,230431
3391,144487,220569
3392,159080,210722
3393,104076,237987
3394,55608,239370
3395,134715,256643
3396,184201,211156
3397,210080,198044
3398,86195,286968
3399,151352,235918
3400,140740,224652
3401,152045,242628
3402,139565,215381
3403,95382,115668
3404,166485,289645
3405,145886,232715
3406,145425,222404
3407,167320,227937
3408,109106,241177
3409,169442,218850
3410,190466,314935
3411,126749,322037
3412,109019,276837
3413,143826,252240
3414,178464,289072
3415,141114,230663
3416,179963,233787
3417,179359,286852
3418,178752,236631
3419,99921,285370
3420,207806,208222
3421,143261,243324
3422,137960,272533
3423,161853,241439
3424,154899,236738
3425,89002,185590
3426,134534,234174
3427,70828,255798
3428,171329,274604
3429,211070,193909
3430,217828,243464
3431,151151,176449
3432,126725,255892
3433,126583,234454
3434,184909,210754
3435,157310,236360
3436,169498,251197
3437,159645,274415
3438,93068,223040
3439,129344,161493
3440,130695,281841
3441,136174,240128
3442,134700,198782
3443,138929,241622
3444,213522,187354
3445,204276,205249
3446,125172,193445
3447,64731,278881
3448,157125,223822
3449,199017,249218
3450,167454,212223
3451,152798,242467
3452,116915,275546
3453,78353,241479
3454,167047,244425
3455,181967,256901
3456,239215,155684
3457,118884,300452
3458,144797,230297
3459,158439,178226
3460,97247,293648
3461,129442,217878
3462,142200,219871
3463,249815,202233
3464,176211,249367
3465,162487,231383
3466,104953,265999
3467,128774,261335
3468,145002,258062
3469,109749,144848
3470,178163,282559
3471,192408,212255
3472,161407,246483
3473,206830,228445
3474,152402,233954
3475,140787,235320
3476,117830,176866
3477,129627,230607
3478,197192,249867
3479,141613,249308
3480,181453,220148
3481,144536,253350
3482,161938,250969
3483,112734,194495
3484,177061,241238
3485,140450,251264
3486,156436,244401
3487,118868,263809
3488,166469,246603
3489,179324,260539
3490,146316,205253
3491,160154,250907
3492,160139,234540
3493,130096,194244
3494,143466,232632
3495,136755,258715
3496,108243,264050
3497,156705,234233
3498,218453,238844
3499,110620,274173
3500,153221,241288
3501,179316,221508
3502,151670,241288
3503,134525,261281
3504,128299,180061
3505,86068,184431
3506,161133,256386
3507,196438,340934
3508,170508,258328
3509,174802,321458
3510,171073,270912
3511,89431,369980
3512,160989,246559
3513,172444,256387
3514,200338,193361
3515,154432,244349
3516,180319,219849
3517,78660,284471
3518,133488,208631
3519,166700,273767
3520,158204,258609
3521,58050,223469
3522,152867,264083
3523,157309,236777
3524,181862,227140
3525,186828,189533
3526,171811,227066
3527,165450,229776
3528,122772,264058
3529,151892,241676
3530,187798,303030
3531,190235,167285
3532,242760,167858
3533,156000,378411
3534,205888,280170
3535,95867,259419
3536,149794,238544
3537,101638,178019
3538,222802,198503
3539,159533,251379
3540,112948,282360
3541,144335,229546
3542,206896,367899
3543,158471,216252
3544,120858,240853
3545,152032,231945
3546,211131,188011
3547,182784,269055
3548,153178,241337
3549,170985,209026
3550,80076,288020
3551,167873,252058
3552,137936,246518
3553,133709,226030
3554,166457,390762
3555,158813,243350
3556,197453,333526
3557,157360,233258
3558,143594,273441
3559,191229,241672
3560,180427,312249
3561,84714,326665
3562,118712,286174
3563,92454,252582
3564,137294,229982
3565,160684,211150
3566,156631,278563
3567,167385,241304
3568,207906,252466
3569,190611,234816
3570,169463,303498
3571,124465,141723
3572,156822,248429
3573,188822,270818
3574,152202,241086
3575,199047,192628
3576,152263,236574
3577,93554,238027
3578,115519,247122
3579,153119,237198
3580,113310,243963
3581,149279,247411
3582,112451,173337
3583,160721,263397
3584,188587,270232
3585,150271,241545
3586,215675,181803
3587,181449,228007
3588,167088,231235
3589,154533,241892
3590,207478,236138
3591,228271,242563
3592,124311,264560
3593,147580,246081
3594,167270,256296
3595,137415,260085
3596,117982,238689
3597,176114,243137
3598,176353,239706
3599,324309,166872
3600,392529,133066
3601,387143,205819
3602,315686,148375
3603,372307,207143
3604,290748,129273
3605,376187,166773
3606,446211,212565
3607,339489,271530
3608,299636,118558
3609,384451,170208
3610,419623,170598
3611,365668,171196
3612,382703,171033
3613,357806,160668
3614,380679,162274
3615,384346,170473
3616,418415,105109
3617,417082,103373
3618,369556,142627
3619,379148,178654
3620,384167,222495
3621,371474,162477
3622,377275,221534
3623,372175,167867
3624,358783,228332
3625,336939,181660
3626,373227,166478
3627,365097,230323
3628,381537,180080
3629,458186,113406
3630,374600,209645
3631,327673,129969
3632,376760,167008
3633,317484,211236
3634,379919,130105
3635,375988,180698
3636,401736,201387
3637,383144,171907
3638,356265,117217
3639,388774,244098
3640,370912,141931
3641,386314,143500
3642,339875,161835
3643,300745,137979
3644,315895,239910
3645,327997,87427
3646,445579,86284
3647,371948,163895
3648,396379,192470
3649,354113,165421
3650,353798,153195
3651,363959,188656
3652,406938,130849
3653,437430,181780
3654,384473,174377
3655,324275,247659
3656,449926,204896
3657,348218,120268
3658,377887,170109
3659,314123,150422
3660,426060,229744
3661,381016,196248
3662,406482,161657
3663,409685,193186
3664,332142,182153
3665,384154,220169
3666,334035,188917
3667,327787,130075
3668,346232,146996
3669,380792,139922
3670,427578,177762
3671,419953,185219
3672,419059,130129
3673,400952,138241
3674,392566,190754
3675,462778,136346
3676,471311,217409
3677,389739,157850
3678,411767,144858
3679,393737,128932
3680,347554,178758
3681,417370,195374
3682,388369,164872
3683,379440,166059
3684,383959,186043
3685,386770,157312
3686,420415,91904
3687,384982,163647
3688,317168,199452
3689,336851,155364
3690,391415,152720
3691,371094,153053
3692,522544,137289
3693,407582,202582
3694,436631,230033
3695,435566,231374
3696,435061,194635
3697,398527,261527
3698,427239,152272
3699,371277,155889
3700,383801,170340
3701,347681,289055
3702,448694,47368
3703,421379,160869
3704,385673,169869
3705,422831,251615
3706,416238,192639
3707,379165,260170
3708,341606,259863
3709,330988,86975
3710,320580,219080
3711,333078,148391
3712,289908,149141
3713,366903,161264
3714,384297,171363
3715,371268,193531
3716,490336,221064
3717,403773,182381
3718,480223,55835
3719,398964,173756
3720,275627,161147
3721,369463,220974
3722,450073,177505
3723,396190,147633
3724,406794,150921
3725,400621,160003
3726,381401,174018
3727,367783,166713
3728,388432,168860
3729,421673,187031
3730,361441,267667
3731,405321,93925
3732,362859,140340
3733,410227,150096
3734,377272,194047
3735,452280,139126
3736,450967,176620
3737,347447,148710
3738,395987,245761
3739,410961,120335
3740,380302,176495
3741,319129,144332
3742,385852,170306
3743,311535,237816
3744,403237,111727
3745,389402,186417
3746,349659,200811
3747,357067,228645
3748,381908,166627
3749,335007,163172
3750,466808,91885
3751,383098,197737
3752,415473,169652
3753,314744,225931
3754,499307,154563
3755,378768,174147
3756,315741,217498
3757,320205,77799
3758,428704,180614
3759,447572,53060
3760,381417,196059
3761,369981,171667
3762,373934,188477
3763,407377,137230
3764,376694,122124
3765,408743,189687
3766,398862,263806
3767,315020,136275
3768,363062,183527
3769,415598,205574
3770,431485,262317
3771,384716,158270
3772,258058,128022
3773,419444,90106
3774,416055,67530
3775,431595,180243
3776,366563,191234
3777,383281,171914
3778,379318,176389
3779,442124,209435
3780,385730,171445
3781,421081,221014
3782,378502,163622
3783,297048,101607
3784,365855,252039
3785,393512,161575
3786,410957,221824
3787,374007,187428
3788,394944,157785
3789,387348,180311
3790,382178,155097
3791,332667,214384
3792,449317,196617
3793,404216,111800
3794,387186,135113
3795,347557,158156
3796,382759,171586
3797,369029,123002
3798,378625,249367
3799,337323,153842
3800,335931,124718
3801,351200,132320
3802,322396,143900
3803,501524,230383
3804,367727,210909
3805,365188,129186
3806,324229,84269
3807,398198,120744
3808,355738,167184
3809,473358,193356
3810,359623,134249
3811,323785,163777
3812,412271,170051
3813,268856,125508
3814,488127,73846
3815,456008,152027
3816,390219,125573
3817,340581,177805
3818,384504,169198
3819,362809,218290
3820,418831,166964
3821,312620,128354
3822,397307,123704
3823,349086,234634
3824,317879,174292
3825,245149,194500
3826,375253,187800
3827,393522,164490
3828,347695,244892
3829,417851,192549
3830,412031,164238
3831,379846,169598
3832,395523,141719
3833,384788,189119
3834,465103,157136
3835,468731,210114
3836,362092,247796
3837,362468,150201
3838,407639,120077
3839,397343,153175
3840,384837,172478
3841,405331,159359
3842,367235,174957
3843,395670,191264
3844,434308,199361
3845,389161,136652
3846,383988,178244
3847,311758,252287
3848,383970,165366
3849,477137,240884
3850,352937,230817
3851,284790,244142
3852,443311,196574
3853,333026,165580
3854,394655,181031
3855,330382,153977
3856,367560,147850
3857,375807,185732
3858,378928,174316
3859,336010,167968
3860,406336,247772
3861,340731,216574
3862,313534,177100
3863,393850,177311
3864,367053,169223
3865,370731,217636
3866,346571,199979
3867,403350,202060
3868,419675,270196
3869,420792,118135
3870,373006,107399
3871,382581,170223
3872,384609,54012
3873,316803,200542
3874,376396,94732
3875,386894,173014
3876,396705,169234
3877,431912,249597
3878,423790,102588
3879,360592,122445
3880,359366,168012
3881,321033,143579
3882,250509,205550
3883,343627,94437
3884,341558,198301
3885,408971,145233
3886,346779,170130
3887,378387,167830
3888,384041,224520
3889,382405,147099
3890,283138,165543
3891,390622,201028
3892,376910,210774
3893,395684,97584
3894,297671,187003
3895,321709,148954
3896,379314,167656
3897,379248,167362
3898,382523,178187
3899,348981,234016
3900,437103,171393
3901,434398,167620
3902,255437,122871
3903,410652,127303
3904,381805,172420
3905,302586,130972
3906,267638,147474
3907,381168,171473
3908,416489,50189
3909,424799,231862
3910,428477,165087
3911,456038,93573
3912,395332,111806
3913,383852,170166
3914,370610,147161
3915,285347,153194
3916,378828,190396
3917,419201,104680
3918,381125,170852
3919,481461,203506
3920,431201,111664
3921,335392,229987
3922,410952,118990
3923,325737,254683
3924,331642,165854
3925,300459,113094
3926,387961,167666
3927,356742,225013
3928,381730,145451
3929,377484,175687
3930,400677,223791
3931,393882,239136
3932,399358,171270
3933,405210,133109
3934,337108,83449
3935,443587,152112
3936,405666,198024
3937,370216,205730
3938,416550,159829
3939,426682,230705
3940,406297,126069
3941,405135,204915
3942,522950,187488
3943,376199,179596
3944,367328,188897
3945,489999,115960
3946,469611,151547
3947,402472,181925
3948,470097,94135
3949,193976,466934
3950,116068,503065
3951,179170,450947
3952,239399,487248
3953,175141,429305
3954,185554,434810
3955,214888,484690
3956,196648,416994
3957,160305,394216
3958,183349,487663
3959,200019,384934
3960,180840,474871
3961,175405,508827
3962,246857,488735
3963,197194,481989
3964,217949,527498
3965,187781,427393
3966,223691,478348
3967,191025,490542
3968,203772,458937
3969,209822,531578
3970,230810,547100
3971,199421,483456
3972,195252,522133
3973,303980,470710
3974,173988,455711
3975,199406,456574
3976,205687,445296
3977,202835,478415
3978,215604,512440
3979,191688,447845
3980,190613,495384
3981,148258,485289
3982,155194,422051
3983,210204,525598
3984,194627,468993
3985,195311,426719
3986,220485,476955
3987,262124,479518
3988,242161,449104
3989,198783,498912
3990,86540,451279
3991,182432,490648
3992,261239,581019
3993,253427,445328
3994,195620,477082
3995,202207,479931
3996,139564,477653
3997,159617,481789
3998,198662,485279
3999,148817,490709
4000,261777,449512
4001,229571,468642
4002,200774,475929
4003,202978,462888
4004,209431,477977
4005,173870,439927
4006,201886,496789
4007,189436,437132
4008,255857,430030
4009,188410,501222
4010,168864,579328
4011,255828,478990
4012,152956,441383
4013,179241,525024
4014,198499,480155
4015,213033,483227
4016,247887,490688
4017,212347,497214
4018,197063,502985
4019,225141,548853
4020,138455,477812
4021,132194,462964
4022,201000,456681
4023,158263,450148
4024,296963,593992
4025,212535,399283
4026,196219,546145
4027,234027,466171
4028,227939,492292
4029,196611,486659
4030,206478,462675
4031,176242,465851
4032,205360,492467
4033,218312,438775
4034,301032,516000
4035,239343,454590
4036,166393,440292
4037,195075,469091
4038,143075,437733
4039,160730,523610
4040,198069,463514
4041,194254,417690
4042,190635,481768
4043,197940,481653
4044,196899,477707
4045,221127,508740
4046,189487,547982
4047,191828,525232
4048,294075,453844
4049,198257,480497
4050,239984,460027
4051,144547,420258
4052,302288,466144
4053,198791,480844
4054,194517,477731
4055,191177,482830
4056,198985,479824
4057,197246,411856
4058,223989,441680
4059,195332,480182
4060,159936,443827
4061,214288,513897
4062,206631,507254
4063,243030,446886
4064,188413,435252
4065,193321,566701
4066,244130,414445
4067,197688,484429
4068,273852,551838
4069,160746,461333
4070,234648,482266
4071,185695,482916
4072,186777,505284
4073,223398,460737
4074,297119,499959
4075,178668,531094
4076,220692,476919
4077,230245,466335
4078,228145,482175
4079,198899,480366
4080,151885,503999
4081,197471,484823
4082,112404,489076
4083,168004,549080
4084,227835,483010
4085,239740,424128
4086,115102,459087
4087,241978,480371
4088,278073,483582
4089,219757,518928
4090,171338,439516
4091,237604,476481
4092,202770,472812
4093,195166,438443
4094,129720,517525
4095,202925,469511
4096,230772,469300
4097,159804,476714
4098,183251,535289
4099,204922,518652
4100,195774,403038
4101,246300,568375
4102,193983,401930
4103,195160,507267
4104,196946,479525
4105,201667,504296
4106,196600,470516
4107,204139,466726
4108,214167,475347
4109,245529,390666
4110,203104,552398
4111,200143,490065
4112,196467,449257
4113,227558,466736
4114,224955,490913
4115,172659,522356
4116,158410,508695
4117,196559,477755
4118,181029,454595
4119,197727,480121
4120,198644,480974
4121,200140,474888
4122,232184,485341
4123,217789,449324
4124,239416,395424
4125,149862,503958
4126,218183,412583
4127,323355,502122
4128,233204,388471
4129,211422,492799
4130,140606,419729
4131,214112,548157
4132,193996,488095
4133,189760,444553
4134,172246,511422
4135,140454,557008
4136,229232,564886
4137,163899,505525
4138,204501,486492
4139,149313,408879
4140,158148,499972
4141,107935,451945
4142,154221,438519
4143,170432,511098
4144,150652,432587
4145,200360,480447
4146,234007,516904
4147,188695,514970
4148,203490,442567
4149,174153,442752
4150,199381,476054
4151,203633,447281
4152,175493,482614
4153,99813,428022
4154,163423,383935
4155,200013,481618
4156,88506,502797
4157,206626,478104
4158,259424,476627
4159,155343,516597
4160,208270,463405
4161,205094,483558
4162,191973,482208
4163,211306,483512
4164,217247,485987
4165,175188,479904
4166,191810,449616
4167,223455,546549
4168,206782,478746
4169,203563,488698
4170,200876,478805
4171,166462,454457
4172,211995,480257
4173,219520,412301
4174,199368,473878
4175,192430,489582
4176,275894,533657
4177,198880,480107
4178,138652,526721
4179,140287,486323
4180,231466,480405
4181,217147,569908
4182,202569,500562
4183,240702,481487
4184,223603,548356
4185,200135,490468
4186,128387,507579
4187,194579,520711
4188,171176,460818
4189,252791,499541
4190,255951,476774
4191,72299,457319
4192,182053,420973
4193,195201,548596
4194,179395,462021
4195,199987,477783
4196,177349,471828
4197,246216,485898
4198,144872,526271
4199,208245,528186
4200,212929,476235
4201,198303,478619
4202,236017,425005
4203,176880,523485
4204,206305,421383
4205,201326,482431
4206,258124,486502
4207,217018,426482
4208,273278,521295
4209,198750,480303
4210,145765,456046
4211,181856,437451
4212,199052,468573
4213,199060,519100
4214,236709,462772
4215,254439,452536
4216,230038,443325
4217,213886,507374
4218,232585,471301
4219,218008,441898
4220,200781,433484
4221,248689,480565
4222,159550,522440
4223,217445,489534
4224,188990,462950
4225,275338,518305
4226,142031,499068
4227,180686,500459
4228,187954,479951
4229,202125,480082
4230,200037,507487
4231,174201,485398
4232,170015,509672
4233,209896,429839
4234,184785,507380
4235,232863,540748
4236,184344,480367
4237,130249,440857
4238,202232,463212
4239,234863,467401
4240,195714,519850
4241,288118,457260
4242,223793,476545
4243,213032,463777
4244,183422,516062
4245,202345,579776
4246,239169,532939
4247,229079,487858
4248,205752,461182
4249,134918,476102
4250,175279,448672
4251,204913,479550
4252,319580,486040
4253,285927,435850
4254,215692,527808
4255,202601,484452
4256,198959,497158
4257,214243,482053
4258,206374,508699
4259,251780,484761
4260,199114,469623
4261,178962,471635
4262,226735,562622
4263,187597,433963
4264,239940,461885
4265,155510,462922
4266,101403,505387
4267,105815,441254
4268,187336,425848
4269,116999,471084
4270,242331,505895
4271,176787,455252
4272,142364,533947
4273,199221,435815
4274,200452,517402
4275,239708,522698
4276,164993,522126
4277,161184,475700
4278,201596,548073
4279,203880,449456
4280,213506,438923
4281,153590,506320
4282,170862,447677
4283,256158,478779
4284,206008,462381
4285,249490,508893
4286,181318,475716
4287,263208,456092
4288,127672,408101
4289,241504,523137
4290,215615,565032
4291,192757,484550
4292,206525,490555
4293,144734,458218
4294,199536,515450
4295,196724,365062
4296,219621,438976
4297,207918,477087
4298,219747,434052
4299,450376,816291
4300,643695,909929
4301,513426,832807
4302,561470,838605
4303,470156,827622
4304,473019,937335
4305,523563,866647
4306,459347,974808
4307,527918,854003
4308,506133,894175
4309,495857,849038
4310,501212,852751
4311,573975,888425
4312,507544,790383
4313,415628,873116
4314,590381,824899
4315,532237,848909
4316,422566,847296
4317,408082,859669
4318,502990,788494
4319,500902,848367
4320,429212,863488
4321,543340,835652
4322,504986,872830
4323,616298,876882
4324,505927,850461
4325,520952,823921
4326,538713,919722
4327,516573,820716
4328,458668,829289
4329,483186,948249
4330,506023,816501
4331,518139,834426
4332,498834,833679
4333,438083,867968
4334,494152,844007
4335,635681,888274
4336,473080,838594
4337,534311,832766
4338,503794,891279
4339,476569,881867
4340,439622,837804
4341,499363,847874
4342,483561,794044
4343,492321,864579
4344,515782,888687
4345,552379,787471
4346,463759,841362
4347,505785,840179
4348,508569,826431
4349,499171,853840
4350,476609,896330
4351,462641,873096
4352,496157,858363
4353,587164,934503
4354,514518,840298
4355,490690,758774
4356,529301,777124
4357,431603,825661
4358,572003,759509
4359,521636,832236
4360,528492,823480
4361,495917,815492
4362,477106,823495
4363,505263,858709
4364,479632,713435
4365,469430,847522
4366,505676,855482
4367,562175,850937
4368,522504,796625
4369,525795,842177
4370,508059,874463
4371,473545,896739
4372,434368,826882
4373,521395,853079
4374,584694,741699
4375,520295,807801
4376,480110,852464
4377,508158,831738
4378,550441,853275
4379,557961,864098
4380,643300,889478
4381,475506,843930
4382,479884,857319
4383,502242,852244
4384,502351,863779
4385,481199,913425
4386,537938,833179
4387,498589,857019
4388,612759,849113
4389,524872,796043
4390,562523,815120
4391,542975,888547
4392,476108,846865
4393,565882,872224
4394,413779,860495
4395,556015,865374
4396,532763,857579
4397,510525,854845
4398,488176,860062
4399,495576,837634
4400,508142,844721
4401,514284,861453
4402,510709,752675
4403,469823,911565
4404,502256,852343
4405,528155,854950
4406,500100,841304
4407,526153,833774
4408,412690,929937
4409,501737,815574
4410,509827,831484
4411,507734,755168
4412,455050,984555
4413,480379,863197
4414,488959,847615
4415,485918,817710
4416,470338,804745
4417,507276,845292
4418,502074,829675
4419,513205,759054
4420,441764,814172
4421,496683,830454
4422,521690,746222
4423,564170,918516
4424,485910,849177
4425,524149,931853
4426,505400,861421
4427,506741,850046
4428,591534,783441
4429,515997,873751
4430,445848,885139
4431,397186,887254
4432,522280,900528
4433,464920,910602
4434,485435,843624
4435,379310,889954
4436,505652,839474
4437,625028,822992
4438,503413,819127
4439,515069,748957
4440,507885,839875
4441,522567,792215
4442,545646,813736
4443,610348,846411
4444,529259,850232
4445,517047,713630
4446,546459,790436
4447,543365,904861
4448,450428,829953
4449,538768,909837
4450,516826,850113
4451,502376,856153
4452,493152,866277
4453,504920,856370
4454,504757,839548
4455,542898,847721
4456,575447,860995
4457,494769,891864
4458,512529,835574
4459,452764,940358
4460,503256,853978
4461,552401,833620
4462,515374,882079
4463,584114,874080
4464,466353,827825
4465,478542,841814
4466,479170,727682
4467,531536,922446
4468,508991,860499
4469,482850,815711
4470,493348,887901
4471,544240,889837
4472,414927,896090
4473,487373,846570
4474,462933,932943
4475,475606,799550
4476,496155,910586
4477,403645,871486
4478,513654,936427
4479,515828,956802
4480,467652,824538
4481,427575,798302
4482,476553,829160
4483,527192,736133
4484,502310,852904
4485,530619,748262
4486,452581,845431
4487,479539,846564
4488,484034,788380
4489,548813,860446
4490,580929,898980
4491,515534,807888
4492,513838,834007
4493,514390,894483
4494,518209,856606
4495,425108,774062
4496,508891,848640
4497,518054,861726
4498,484465,877825
4499,562629,852913
4500,507153,823797
4501,527261,890065
4502,469521,830789
4503,486687,733342
4504,490820,921524
4505,638317,865885
4506,502926,825050
4507,548182,705992
4508,467795,839934
4509,476625,888878
4510,581105,890570
4511,412449,793220
4512,550636,965047
4513,605362,751027
4514,524361,884086
4515,488888,879135
4516,548299,798883
4517,588843,932637
4518,619175,879052
4519,551682,936270
4520,505091,849701
4521,475000,895609
4522,480797,860745
4523,546362,873309
4524,488565,975112
4525,501698,831126
4526,505021,726692
4527,431366,787771
4528,520529,876846
4529,401212,788368
4530,498738,834644
4531,556979,810845
4532,498119,896858
4533,423086,768377
4534,506518,881060
4535,615730,897214
4536,521103,869232
4537,381710,832840
4538,511736,833318
4539,566914,898531
4540,498611,876539
4541,518467,815376
4542,560398,858597
4543,567373,803693
4544,521405,871844
4545,536191,865868
4546,532076,850252
4547,555705,862777
4548,503241,852684
4549,502156,829132
4550,499798,837656
4551,526676,841883
4552,497478,757225
4553,526699,865254
4554,500653,886231
4555,504530,849944
4556,449734,785924
4557,505796,823492
4558,514165,906736
4559,477278,877447
4560,443237,882193
4561,498289,848510
4562,505522,850803
4563,533127,916539
4564,484075,839356
4565,507711,856666
4566,520963,822493
4567,501370,864849
4568,440078,833239
4569,593226,781983
4570,471182,869337
4571,496356,803174
4572,506451,847498
4573,433464,883410
4574,481888,893156
4575,555325,838425
4576,441043,876786
4577,506361,849295
4578,575185,935592
4579,510223,792220
4580,506392,848910
4581,564834,780899
4582,589897,941206
4583,482586,843438
4584,481076,829392
4585,538191,932212
4586,395369,828639
4587,496032,926742
4588,481474,871803
4589,556221,913466
4590,511941,853424
4591,571258,821716
4592,493898,844618
4593,500493,869961
4594,496296,868696
4595,488885,735886
4596,528199,802723
4597,539298,922257
4598,448428,834284
4599,526968,829516
4600,486881,821631
4601,530691,762951
4602,504864,934701
4603,514276,872348
4604,472112,875729
4605,550236,872578
4606,575324,879376
4607,392033,823599
4608,455117,876848
4609,495266,751064
4610,487694,918895
4611,569349,910654
4612,516172,768548
4613,470349,927142
4614,485986,856899
4615,419278,899709
4616,458254,879596
4617,516267,878495
4618,447591,830282
4619,617652,861982
4620,517539,835591
4621,505187,859610
4622,532906,914431
4623,408289,861785
4624,628304,830166
4625,508713,865731
4626,517573,851376
4627,549708,797995
4628,506289,849475
4629,554892,894455
4630,540909,838794
4631,503244,848895
4632,493875,910246
4633,489188,946136
4634,438438,892843
4635,410303,843439
4636,494940,833708
4637,491899,851353
4638,548342,868462
4639,507531,899483
4640,393173,789567
4641,602975,710351
4642,512285,845153
4643,573823,892508
4644,490921,850997
4645,421117,856944
4646,531821,734902
4647,512196,836851
4648,442893,865096
4649,690463,149879
4650,668677,183298
4651,697702,156531
4652,691631,144621
4653,679407,150454
4654,654771,162467
4655,683484,168338
4656,677185,148777
4657,780592,121631
4658,697883,142272
4659,563939,173561
4660,715280,140877
4661,722253,219040
4662,679527,149337
4663,697583,142806
4664,689942,188593
4665,687368,141059
4666,656341,159600
4667,685842,165938
4668,662550,109202
4669,719153,169799
4670,732311,143631
4671,673930,138135
4672,664133,147952
4673,673300,159607
4674,652567,151462
4675,682676,151755
4676,681442,151383
4677,691458,151504
4678,651823,81049
4679,677231,150206
4680,643829,155707
4681,716979,191497
4682,683894,148711
4683,624063,141674
4684,658965,155481
4685,733848,166546
4686,690480,168208
4687,685015,135630
4688,741780,171930
4689,754807,167620
4690,647825,243066
4691,592183,159948
4692,661985,177902
4693,671646,152043
4694,662714,169521
4695,668866,148632
4696,558180,151040
4697,683369,151313
4698,717548,124671
4699,622499,168680
4700,689323,116935
4701,713353,157931
4702,683239,149348
4703,647532,156766
4704,732916,148343
4705,642076,201050
4706,707027,154812
4707,796983,183367
4708,705459,126710
4709,670083,103021
4710,757342,135491
4711,669550,65346
4712,793457,238456
4713,642377,136904
4714,677327,159848
4715,593844,153425
4716,574968,97162
4717,698186,111102
4718,600295,71930
4719,642772,102865
4720,678949,164706
4721,708597,221290
4722,657575,156409
4723,633848,147091
4724,672056,142388
4725,713592,135254
4726,770236,154395
4727,668296,125525
4728,718568,71349
4729,652616,142867
4730,712847,193622
4731,681879,276821
4732,718785,108406
4733,642363,204723
4734,681763,132407
4735,678450,154321
4736,639487,91517
4737,682629,194496
4738,709862,91457
4739,676086,153954
4740,684615,150066
4741,620515,179428
4742,806582,120349
4743,673217,150543
4744,648389,156328
4745,685914,146709
4746,598105,175902
4747,679621,152580
4748,675420,179180
4749,794373,93690
4750,658164,175179
4751,707042,78083
4752,678267,173148
4753,621220,173260
4754,678193,159552
4755,693848,147266
4756,672934,154899
4757,818071,89188
4758,775194,114940
4759,678022,152357
4760,672497,153815
4761,662456,125590
4762,665597,154475
4763,682931,185745
4764,642009,77916
4765,654737,93785
4766,624060,187729
4767,677223,149053
4768,687052,186012
4769,706705,218618
4770,679836,149044
4771,656937,133869
4772,706546,188725
4773,668478,99124
4774,685916,91510
4775,671623,149396
4776,656189,157681
4777,663379,156097
4778,679229,81640
4779,681830,152172
4780,667179,215585
4781,680500,157953
4782,682074,108238
4783,668586,177296
4784,607280,179752
4785,683552,118463
4786,766989,210310
4787,706391,175549
4788,719865,202142
4789,677886,155892
4790,672422,131767
4791,749844,201341
4792,667974,175547
4793,681850,151037
4794,693591,139764
4795,737036,156973
4796,687759,129513
4797,684521,179726
4798,683348,177770
4799,652325,155140
4800,712504,156892
4801,720773,163609
4802,687347,148959
4803,619265,159786
4804,615920,193133
4805,667678,94631
4806,664033,142907
4807,579218,185160
4808,653925,176549
4809,685345,135449
4810,690189,111767
4811,708383,149749
4812,695473,165240
4813,676692,188493
4814,667652,126036
4815,677078,132386
4816,681996,216660
4817,635087,80051
4818,696918,197717
4819,683291,149522
4820,673440,144134
4821,701220,230734
4822,564000,181476
4823,679826,139538
4824,662924,131650
4825,687774,163459
4826,674941,149054
4827,756744,186641
4828,627932,208771
4829,652186,169245
4830,655328,164304
4831,674423,154549
4832,660252,133558
4833,684409,134153
4834,555850,102064
4835,613181,100354
4836,612291,131433
4837,657706,234370
4838,693438,196453
4839,632710,114879
4840,677057,153715
4841,746042,142810
4842,671974,153389
4843,679136,131336
4844,716715,220700
4845,671234,158409
4846,680746,200342
4847,804946,103546
4848,677056,183240
4849,638282,152111
4850,629402,76143
4851,687189,179103
4852,669681,104687
4853,714789,126250
4854,702562,166037
4855,600692,137810
4856,716480,114681
4857,738184,129882
4858,699164,82665
4859,571664,102462
4860,725816,185419
4861,681691,156967
4862,719485,226327
4863,711218,153365
4864,614856,166633
4865,681942,154761
4866,623275,159513
4867,703611,110921
4868,711761,30810
4869,644798,170932
4870,594530,135125
4871,711441,151028
4872,691734,170125
4873,680136,141621
4874,658600,145858
4875,801580,145296
4876,689683,171742
4877,683193,153585
4878,680837,151558
4879,740889,181094
4880,612778,203817
4881,717872,166783
4882,662262,140834
4883,681528,158990
4884,664522,160542
4885,633551,85041
4886,684997,142145
4887,766390,136325
4888,681368,149140
4889,681904,144500
4890,709105,133447
4891,684997,149133
4892,682796,151632
4893,699896,215918
4894,699959,252510
4895,647531,141172
4896,790379,124778
4897,698677,193999
4898,742129,270133
4899,614997,177880
4900,649678,161459
4901,601734,144339
4902,724614,138599
4903,700901,194797
4904,643840,160218
4905,633618,163883
4906,682740,86719
4907,625505,161105
4908,685117,197270
4909,766199,98597
4910,661047,153301
4911,652165,79194
4912,657801,202396
4913,664616,149256
4914,635545,112464
4915,702600,190565
4916,686639,180824
4917,631767,57013
4918,661702,137957
4919,668373,149140
4920,726918,196388
4921,667570,150571
4922,678340,157887
4923,727884,170680
4924,598444,128607
4925,639543,175797
4926,723796,62508
4927,648471,170651
4928,675239,111718
4929,634845,169936
4930,751629,124830
4931,695776,153906
4932,696541,76765
4933,681029,85739
4934,650420,126495
4935,674937,133330
4936,747500,156957
4937,741128,136045
4938,681418,124207
4939,689550,157674
4940,583560,177962
4941,681298,260543
4942,727437,153320
4943,705610,210789
4944,773813,122606
4945,696924,142544
4946,704341,80054
4947,658326,89322
4948,624872,164531
4949,684328,110806
4950,720486,163061
4951,636647,115607
4952,717636,183845
4953,668755,99020
4954,688632,233498
4955,679675,145741
4956,694249,155386
4957,596920,227343
4958,690616,104291
4959,646177,104106
4960,705536,115821
4961,724820,215936
4962,645996,145443
4963,748015,151821
4964,760914,192907
4965,691985,108366
4966,678169,135317
4967,669680,150259
4968,666026,147594
4969,755003,213005
4970,675240,149486
4971,669678,150746
4972,681505,154335
4973,689690,171661
4974,637108,97030
4975,605453,254051
4976,742536,166238
4977,658991,173695
4978,711412,107533
4979,660134,151166
4980,683307,150877
4981,590184,126021
4982,736755,200563
4983,684074,160944
4984,714990,176425
4985,694213,130114
4986,664295,133073
4987,772586,123935
4988,603939,77113
4989,683960,119495
4990,767245,217478
4991,651105,142940
4992,686589,168480
4993,673973,147000
4994,633450,201336
4995,662080,25631
4996,706472,171207
4997,659128,142611
4998,665898,98088
