id_estacion,MSE,RMSE,MAE,R2,mape,n_samples
1,0.00026891117862687044,0.0163985114759502,0.0163985114759502,0.0,163985114.759502,7
2,7.892277686538669,2.809319790721353,1.8453558179895873,-0.007087517292694523,2399114991.4180965,7
3,0.7812908270181724,0.8839065714305854,0.7160602111399657,-0.1259779565850132,38.075701956385245,7
4,7.053297293173022,2.6558044531126574,2.3463352921602945,-0.5709616698430822,65.60880336721891,7
5,4.463707599822462,2.112748825540429,1.9476997201424386,-1.2318537999112311,49.544697999518206,7
6,4.1844293589015855,2.0455877783418597,1.5512751235597566,-0.09062254567115824,4706080378.823578,7
7,0.24183372957600727,0.4917659296616707,0.30842734577583325,-0.18498527492243544,2307972054.089587,7
8,2.6416828936719443,1.6253254731505147,1.411227294004234,-0.6180307723740661,44.6310579245277,7
9,8.656728658590131,2.9422319178797123,2.490782977527267,-0.7822676650038505,47.879208116338035,7
10,0.00026891117862687044,0.0163985114759502,0.0163985114759502,0.0,163985114.759502,7
11,0.00026891117862687044,0.0163985114759502,0.0163985114759502,0.0,163985114.759502,7
12,2.160281740771014,1.469789692701311,1.1486223476437458,-1.2052876103704109,67.57840580276616,7
13,3.6743469341731863,1.9168586108978372,1.4451703870964452,-0.9153510614307039,92.37371763401954,7
14,12.338662244644793,3.512643199165664,2.916798319882059,-1.1139666083482336,54.77217620099153,7
15,0.00026891117862687044,0.0163985114759502,0.0163985114759502,0.0,163985114.759502,7
16,0.00026891117862687044,0.0163985114759502,0.0163985114759502,0.0,163985114.759502,7
17,3.6490644929097256,1.9102524683689655,1.5524548990820162,-0.7192707706978514,2643816475.4117823,7
18,0.00026891117862687044,0.0163985114759502,0.0163985114759502,0.0,163985114.759502,7
19,0.00026891117862687044,0.0163985114759502,0.0163985114759502,0.0,163985114.759502,7
20,0.00026891117862687044,0.0163985114759502,0.0163985114759502,0.0,163985114.759502,7
21,0.12654374917606173,0.3557298823209286,0.18862492049765128,0.48327969086441447,1507555000.0879054,7
22,1.180028908964114,1.0862913554678202,0.9140956057187992,-0.11195031806233802,2295791911.296868,7
23,0.00026891117862687044,0.0163985114759502,0.0163985114759502,0.0,163985114.759502,7
24,0.4570044279319015,0.6760210262498508,0.6206624622657217,-1.239321696866317,4927450919.174741,7
25,4.857669208244622,2.2040120708028397,1.3216739408878955,-0.545622020805107,30.633467207410636,7
26,1.7094189934186175,1.3074475107699801,0.99522055389669,-5.9801275564593555,8166204497.675981,7
27,1.4926744409387511,1.221750564124589,1.0205560397301852,-0.044872108657125764,51.08635086837443,7
28,0.00026891117862687044,0.0163985114759502,0.0163985114759502,0.0,163985114.759502,7
29,3.477950549916813,1.8649264194377249,1.5070509026407048,-0.2172826924708846,2964509327.8175125,7
30,0.00026891117862687044,0.0163985114759502,0.0163985114759502,0.0,163985114.759502,7
31,0.00026891117862687044,0.0163985114759502,0.0163985114759502,0.0,163985114.759502,7
32,2.9914125407209613,1.7295700450461557,1.4343758541949723,-0.49570627036048065,7944549521.096097,7
33,5.700575851393067,2.3875878730201885,1.810717920675165,-0.6626679566563112,74.86337684641192,7
34,0.00026891117862687044,0.0163985114759502,0.0163985114759502,0.0,163985114.759502,7
35,1.855342622506954,1.362109622059456,1.163865373296608,-0.46631916940065743,7595567414.38231,7
36,2.8763504522922316,1.695980675683609,1.4118726466791407,0.25031291403021627,2312847155.612937,7
37,0.00026891117862687044,0.0163985114759502,0.0163985114759502,0.0,163985114.759502,7
38,1.988110314411989,1.4100036575881598,1.2127544376017079,-0.18801713909984685,4521855996.9101305,7
39,0.00026891117862687044,0.0163985114759502,0.0163985114759502,0.0,163985114.759502,7
40,0.00026891117862687044,0.0163985114759502,0.0163985114759502,0.0,163985114.759502,7
41,2.652095092494331,1.6285254350160856,1.2970224683520526,0.015510155058922614,1896536559.461626,7
42,0.00026891117862687044,0.0163985114759502,0.0163985114759502,0.0,163985114.759502,7
43,3.2763295702704336,1.8100634160908378,1.349795051879069,-0.29467862051009064,1999797902.9886153,7
44,6.0919859860569305,2.468194884132315,1.847257387185506,-0.7155592719355728,3160189218.322491,7
45,0.7149501752024705,0.845547263730698,0.6870494938775885,0.12418603537697348,1830255752.693594,7
46,1.4667886849161285,1.2111105172180319,1.0695829273333548,-0.2834400993016124,4775832482.302642,7
47,0.00026891117862687044,0.0163985114759502,0.0163985114759502,0.0,163985114.759502,7
48,1.4472710073253399,1.2030257716796178,0.9933644032870751,-0.3132644325729934,5909214599.579616,7
49,1.1983614729839651,1.0946969776992923,0.8228835455035398,-0.048566288860969475,3932962998.1072717,7
50,2.5063077882462115,1.5831322712414815,0.957431086707008,0.00960418045109368,2495560693.3984733,7
51,0.00026891117862687044,0.0163985114759502,0.0163985114759502,0.0,163985114.759502,7
52,0.00026891117862687044,0.0163985114759502,0.0163985114759502,0.0,163985114.759502,7
53,0.00026891117862687044,0.0163985114759502,0.0163985114759502,0.0,163985114.759502,7
54,5.863484533598537,2.421463304202345,1.5426065866205871,-0.08829826570578869,35.41636361608925,7
55,0.00026891117862687044,0.0163985114759502,0.0163985114759502,0.0,163985114.759502,7
56,0.5296758030278751,0.7277882954732613,0.5599533870267258,0.0017648327551585963,35.46871128138452,7
57,1.0254130108051236,1.0126267875210113,0.7337407634689145,0.03374543212594128,3839452399.309154,7
58,0.38850505225600945,0.6233017345202959,0.47532530239269427,-0.359767682896033,1740189508.2806766,7
59,2.771387502671193,1.6647484803030135,1.394539044219261,0.03001437406508245,3413916463.8066344,7
60,1.0397541479009373,1.019683356685269,0.8928992752502101,-0.9595366633517666,6615964651.726356,7
61,0.5105983320973834,0.714561636317948,0.6140956144148711,-0.042471594698824555,1514680387.5270164,7
62,0.00026891117862687044,0.0163985114759502,0.0163985114759502,0.0,163985114.759502,7
63,2.4808503569699893,1.5750715402704696,1.313810142517847,-0.7365952498789927,2156549022.2641525,7
64,2.2409914184033086,1.4969941277116983,1.317923329714423,-0.3072449940685966,2475349386.860504,7
65,9.754766060158474,3.1232620863703504,2.177173104392101,-0.5620377024436773,1432932384.4581232,7
66,6.97035471954588,2.6401429354385115,1.872281609364777,-0.8974854514319339,51.915931205653386,7
67,0.00026891117862687044,0.0163985114759502,0.0163985114759502,0.0,163985114.759502,7
68,0.26854688126977305,0.5182150917039884,0.4893146185037261,-0.31587971822188776,2808926762.8170004,7
69,5.0493806792606195,2.2470827041434456,1.896527562005201,-0.5463728330235647,68.72308735729939,7
70,1.1356655426066102,1.065676096478949,0.8720765296285153,0.18165277076876618,3752235594.3807983,7
71,0.9155356299187912,0.9568362607671133,0.8922642979190369,-0.8692185777508654,2260884870.361519,7
72,0.00026891117862687044,0.0163985114759502,0.0163985114759502,0.0,163985114.759502,7
73,0.8979770840170758,0.9476165279357868,0.8485666772363631,-0.2941434446128446,2232893582.84807,7
74,2.034971666632185,1.4265243308938635,1.1693021288285572,-0.46637664213201546,2807882657.716062,7
75,2.397249103648663,1.5483052359430498,1.2764357441748813,-0.3051689564309388,4712398228.023217,7
76,1.5590677684371408,1.2486263526119976,1.0920961907548354,-0.23216646215193415,5314036333.392519,7
77,0.6133291822498733,0.7831533580658857,0.6362679224508953,-2.005312993024379,4961066970.8115015,7
78,0.00026891117862687044,0.0163985114759502,0.0163985114759502,0.0,163985114.759502,7
79,3.6550811069817164,1.911826641456206,1.4049244283394244,0.015939701966460884,40.11308596842068,7
80,0.5827886114206651,0.7634059283373853,0.648068785487719,0.32007995334255746,2891825338.7102313,7
81,0.00026891117862687044,0.0163985114759502,0.0163985114759502,0.0,163985114.759502,7
82,1.8641331149016402,1.365332602299396,1.1494621128414384,0.04851538926895471,4314572575.861826,7
83,1.9430653102829216,1.393938775657999,1.1973874328756502,-0.2527657921560944,3438921066.5572867,7
84,0.00026891117862687044,0.0163985114759502,0.0163985114759502,0.0,163985114.759502,7
85,1.6323615081981344,1.2776390367385204,1.0206835636446523,-0.538186805802088,34.713645574614596,7
86,1.2659801813898266,1.1251578473217998,0.9781264181134358,0.34007416076487773,3565807900.847286,7
87,1.238914552441139,1.11306538551926,0.8758532300484305,-0.2647252722836626,2883667329.775661,7
88,0.00026891117862687044,0.0163985114759502,0.0163985114759502,0.0,163985114.759502,7
89,3.1413240228127135,1.7723780699423906,1.5987912841859,-1.7486585199611242,54.63454917138417,7
90,0.00026891117862687044,0.0163985114759502,0.0163985114759502,0.0,163985114.759502,7
91,1.3639689464888816,1.1678908110302442,0.9598756526682608,-1.5705568606905844,54.751025610155224,7
92,0.24862044062301814,0.49861853216965185,0.4494723341510379,-0.015200132543990996,3034353633.399997,7
93,4.023067883651246,2.0057586803130745,1.752245263759148,-0.8954839067202987,58.45232127342863,7
94,2.3083828983901222,1.519336334848253,1.2855370602430527,-1.9765990005556846,9784633135.562315,7
95,0.00026891117862687044,0.0163985114759502,0.0163985114759502,0.0,163985114.759502,7
96,1.9604694089001167,1.4001676359993886,1.171925859038822,-0.20078751295132125,44.463369121255525,7
97,0.00026891117862687044,0.0163985114759502,0.0163985114759502,0.0,163985114.759502,7
98,0.21142088690178537,0.4598052706328902,0.39638439204876025,0.1366980451510429,1986676151.961375,7
99,3.7696575092530837,1.9415605860371918,1.7236591012611888,-0.96503423354682,1527667737.2966225,7
100,0.00026891117862687044,0.0163985114759502,0.0163985114759502,0.0,163985114.759502,7
101,1.0464210064355801,1.0229472158599289,0.8469198560046635,0.05046982749364026,2394225595.775212,7
102,0.27097898471009985,0.5205564183737434,0.41160049497341017,0.33610148746025525,2144473273.26479,7
103,0.00026891117862687044,0.0163985114759502,0.0163985114759502,0.0,163985114.759502,7
104,1.4045667558873556,1.1851441920236354,0.9950450080322472,-0.22899591140143616,6479077184.408173,7
105,0.00026891117862687044,0.0163985114759502,0.0163985114759502,0.0,163985114.759502,7
106,0.00026891117862687044,0.0163985114759502,0.0163985114759502,0.0,163985114.759502,7
107,0.7680889272718294,0.8764068274904238,0.7224781259905274,0.009569541149483052,4454481721.267797,7
108,0.00026891117862687044,0.0163985114759502,0.0163985114759502,0.0,163985114.759502,7
109,0.00026891117862687044,0.0163985114759502,0.0163985114759502,0.0,163985114.759502,7
110,0.00026891117862687044,0.0163985114759502,0.0163985114759502,0.0,163985114.759502,7
111,3.7339426186750773,1.93234122728753,1.6275814792699037,0.04706672752563135,6120154271.085255,7
112,0.7970055379861264,0.8927516664706521,0.8115566535479816,-0.02771766740316295,5141744013.03792,7
113,0.00026891117862687044,0.0163985114759502,0.0163985114759502,0.0,163985114.759502,7
114,0.15100239847050492,0.3885902706843095,0.3749149901551347,-0.2331862541757901,3141220521.722956,7
115,0.00026891117862687044,0.0163985114759502,0.0163985114759502,0.0,163985114.759502,7
116,1.6411452964297548,1.2810719325743403,1.1043257337729533,-0.0052014940632250095,53.81729477356737,7
117,0.9779944422613108,0.9889360152513967,0.7992782742917058,0.0016306735249118631,3494753951.215381,7
118,4.4464157114973615,2.108652581981527,1.70352304483227,-0.43338401225901757,5950387368.446434,7
119,0.00026891117862687044,0.0163985114759502,0.0163985114759502,0.0,163985114.759502,7
120,1.3175856509902748,1.1478613378759104,0.9076804354316285,0.1505039881773227,1926533764.9031181,7
121,4.654891662412976,2.1575197942111624,1.7506019923662144,-0.2814027610013248,2355172316.077509,7
122,2.271834092033462,1.5072604592549563,1.0921433007366328,-0.1842539415919111,5228427167.503728,7
123,0.00026891117862687044,0.0163985114759502,0.0163985114759502,0.0,163985114.759502,7
124,0.9798045367530085,0.9898507648898436,0.9064627148612855,-0.84655470388067,6061497540.443278,7
125,0.00026891117862687044,0.0163985114759502,0.0163985114759502,0.0,163985114.759502,7
126,0.4355988400945681,0.6599991212831787,0.5509051679538334,0.11065236814025692,2484358985.479016,7
127,0.00026891117862687044,0.0163985114759502,0.0163985114759502,0.0,163985114.759502,7
128,4.948774921890816,2.2245842132611693,1.675367419430367,-0.47859738519908546,51.55665342078568,7
129,0.00026891117862687044,0.0163985114759502,0.0163985114759502,0.0,163985114.759502,7
130,13.55510986896044,3.6817264793789937,3.0871573354501214,-0.7759368544894694,42.97136016843792,7
131,6.951017724883522,2.636478280753233,2.0159179334820814,-0.01976008538710361,4036509909.9035397,7
132,1.031115866411241,1.0154387556181028,0.9140517414429636,-0.3295967751092317,5401161918.73908,7
133,0.00026891117862687044,0.0163985114759502,0.0163985114759502,0.0,163985114.759502,7
134,5.1041855864630845,2.259244472487005,1.448229502349401,-19.842091144724268,11724588174.443798,7
135,12.42493267829432,3.5249017969717,2.719903253852263,-0.749487647231097,2007570844.1039648,7
136,0.00026891117862687044,0.0163985114759502,0.0163985114759502,0.0,163985114.759502,7
137,1.6312517134413542,1.277204648222576,1.0800410264813785,0.355392468075594,4434337697.104208,7
138,0.43985479370772207,0.6632154956782313,0.5893779973551379,0.1710428887816008,2769432401.5479302,7
139,0.00026891117862687044,0.0163985114759502,0.0163985114759502,0.0,163985114.759502,7
140,0.00026891117862687044,0.0163985114759502,0.0163985114759502,0.0,163985114.759502,7
141,0.00026891117862687044,0.0163985114759502,0.0163985114759502,0.0,163985114.759502,7
142,0.00026891117862687044,0.0163985114759502,0.0163985114759502,0.0,163985114.759502,7
143,0.00026891117862687044,0.0163985114759502,0.0163985114759502,0.0,163985114.759502,7
144,13.792121519576162,3.7137745649912786,2.6395653801716548,-0.5571750102747279,75.31431331103659,7
145,0.00026891117862687044,0.0163985114759502,0.0163985114759502,0.0,163985114.759502,7
146,0.7668938338245067,0.8757247477515447,0.5502541994487385,-0.44529991759233956,28.467450471225774,7
147,0.00026891117862687044,0.0163985114759502,0.0163985114759502,0.0,163985114.759502,7
148,2.5772432513255845,1.6053794726872475,1.2999237912541193,-0.8040702759279093,374555753.1780094,7
149,3.668128308647396,1.915235836299905,1.4484878070906213,0.0014539604237646664,3510430784.6930413,7
150,1.737034551639811,1.3179660661943504,1.0261686957987854,0.11338861426717994,53.92114961333688,7
151,0.00026891117862687044,0.0163985114759502,0.0163985114759502,0.0,163985114.759502,7
152,1.1584630331319727,1.0763192059663216,0.8536465591850274,0.13992896025050494,3762229429.6300945,7
153,3.8502729757269236,1.9622112464581696,1.7035183113625865,-0.04812986561455146,4378779605.229471,7
154,0.00026891117862687044,0.0163985114759502,0.0163985114759502,0.0,163985114.759502,7
155,0.5172200415404016,0.7191801175925274,0.6658323468730901,0.02523915248155073,3815281278.3463016,7
156,2.551365298792246,1.5972993766956294,1.325902994691419,-0.2020855734694238,2376022023.0759287,7
157,0.00026891117862687044,0.0163985114759502,0.0163985114759502,0.0,163985114.759502,7
158,2.181505500560378,1.4769920448534508,1.364764501510916,-0.2725448753268871,1383974146.9289045,7
159,0.00026891117862687044,0.0163985114759502,0.0163985114759502,0.0,163985114.759502,7
160,0.00026891117862687044,0.0163985114759502,0.0163985114759502,0.0,163985114.759502,7
161,1.564852342985546,1.2509405833154292,1.110499306147453,-0.16178431524684478,2509018917.658687,7
162,1.9986377804355249,1.4137318629908306,0.9629989636718691,-0.16587203858738953,4394292790.320435,7
163,6.002784167810395,2.450057992744334,2.12448173235801,-0.935108054096772,64.42434104981,7
164,1.4918480256379956,1.221412307797001,0.9923069824278926,0.10852983833827101,3729918631.68074,7
165,2.701831875953821,1.643725000100023,1.2375526684062554,-0.4709973546859689,5830356733.440107,7
166,1.8763834707707372,1.3698114727110213,1.1963728725096043,0.021885212045041347,7363149227.655056,7
167,2.3637371842328094,1.5374450182796162,1.3243601141672108,-0.523988447729048,1977885489.521284,7
168,0.9113246425101856,0.9546332502643021,0.8241365584196705,-0.31337963185291473,43.7180406469355,7
169,0.3593629055698117,0.5994688528771213,0.44170951080604315,0.11956088135396115,1848234393.7437925,7
170,0.00026891117862687044,0.0163985114759502,0.0163985114759502,0.0,163985114.759502,7
171,2.478458928630963,1.574312208118505,1.3272887968177596,-0.9587820564986642,67.23877874856832,7
172,6.139467747338565,2.4777949364986935,1.9651222970694968,-0.4603588331048045,3853711964.961987,7
173,0.00026891117862687044,0.0163985114759502,0.0163985114759502,0.0,163985114.759502,7
174,3.1445919237159794,1.7732997275463558,1.5286413482141425,0.14397219854398335,2048942229.276171,7
175,41.92189589558938,6.474712031865925,4.548049347335899,-0.9904776151975574,55.7623159296743,7
176,0.5964320147507951,0.7722901104836155,0.6070787205716162,-0.2177153634495399,1790477464.1594772,7
177,7.732348011372118,2.780709983326582,2.0244042668305258,-0.4351706536258859,7859409747.4496,7
178,0.00026891117862687044,0.0163985114759502,0.0163985114759502,0.0,163985114.759502,7
179,2.732991237070029,1.6531761058852832,1.1520034690557677,-0.07997234368089856,2653788060.7807302,7
180,0.00026891117862687044,0.0163985114759502,0.0163985114759502,0.0,163985114.759502,7
181,3.626175130303765,1.9042518557963295,1.6189109195731892,-0.26916129560631785,2218556013.5622787,7
182,1.0753378877588353,1.0369849988108966,0.929710351668229,-0.2545608690519747,46.356339153399986,7
183,1.8784915667790334,1.3705807407004642,0.896724478343451,-0.48461430277697803,3216154509.735465,7
184,0.4985131796129965,0.7060546576668102,0.6259723478000101,0.06049439226781417,3232549825.1887856,7
185,0.00026891117862687044,0.0163985114759502,0.0163985114759502,0.0,163985114.759502,7
186,4.9793560609078265,2.2314470777743813,1.7473080490132962,-0.16184974754515946,60.68231502442835,7
187,1.22867577241459,1.1084564819669693,0.9553639842892576,-0.5051278212078727,1687283540.0047877,7
188,1.9908486216375025,1.4109743518708986,1.2117320672720333,-0.8065107863006966,1585835395.171639,7
189,3.0866742764946937,1.7568933594543221,1.5483500090104234,-0.5433371382473469,1229161396.9047904,7
190,2.323100096954921,1.5241719381208017,1.2854391353700172,0.06695160040335146,4654990893.993856,7
191,1.7791395196240243,1.3338438887756034,1.1679891207966813,-0.4060941364770514,4569431539.158656,7
192,0.00026891117862687044,0.0163985114759502,0.0163985114759502,0.0,163985114.759502,7
193,2.6634777331400907,1.6320164622760676,1.532312852944422,-0.5915903527300543,5739627047.778172,7
194,2.8032427370496036,1.6742887257129828,1.3416971153058121,-0.27184161217991254,4501189684.697746,7
195,0.00026891117862687044,0.0163985114759502,0.0163985114759502,0.0,163985114.759502,7
196,1.7578840502870956,1.3258521977532396,1.1563675630319998,-0.38929545909786567,5731376627.527358,7
197,0.27782549392871103,0.527091542266342,0.4830276414697869,0.3193275398746579,1946987504.9111576,7
198,0.00026891117862687044,0.0163985114759502,0.0163985114759502,0.0,163985114.759502,7
199,0.6710314476498497,0.8191650918159596,0.7591924868750574,0.41284748330638155,48.40760502647811,7
200,3.1087386602438447,1.7631615525084037,1.419400456699867,0.04794878530032254,4081576157.1583114,7
201,0.00026891117862687044,0.0163985114759502,0.0163985114759502,0.0,163985114.759502,7
202,11.598209533674808,3.405614413534628,2.5794092475341714,-0.24085647849359293,2796077542.103889,7
203,0.32140193535315176,0.566923218216675,0.4937276016271281,-0.5748694832304435,3024416655.511935,7
204,1.3648688696123863,1.1682760245816852,0.8184157020963907,-0.23849212242605433,2484097713.592854,7
205,0.00026891117862687044,0.0163985114759502,0.0163985114759502,0.0,163985114.759502,7
206,5.446382205483817,2.333748530901266,1.9116975527668014,-0.6076670365584762,2207769829.426022,7
207,0.1533693584206582,0.39162400133375147,0.3451429835980764,0.0,3451429835.9807634,7
208,0.3352350714254938,0.5789948803102613,0.5554815312553478,-0.6426518499849192,3540446993.7785444,7
209,0.00026891117862687044,0.0163985114759502,0.0163985114759502,0.0,163985114.759502,7
210,2.398566732837552,1.548730684411448,1.2045697431983966,0.19500157596547907,7909587030.857812,7
211,0.00026891117862687044,0.0163985114759502,0.0163985114759502,0.0,163985114.759502,7
212,2.1833523433013426,1.4776171166108434,1.0356639152619531,-0.407687695023234,3262745344.4891043,7
213,0.3058661445199407,0.5530516653260712,0.4765441718406123,-0.4987441081477091,30.772650317335593,7
214,0.00026891117862687044,0.0163985114759502,0.0163985114759502,0.0,163985114.759502,7
215,2.270099201248113,1.5066848380627293,1.2747504513712546,-0.15869646730372433,2840266678.047406,7
216,5.4876933680178315,2.3425826277887896,1.8321381608627922,-2.2011544646770687,54.88144061382355,7
217,0.00026891117862687044,0.0163985114759502,0.0163985114759502,0.0,163985114.759502,7
218,0.00026891117862687044,0.0163985114759502,0.0163985114759502,0.0,163985114.759502,7
219,3.2080949712941513,1.7911155661470175,1.447753373312197,0.04148381955235736,4023312465.581547,7
220,0.5555003324191793,0.7453189467732451,0.6269702466275374,0.4959348835455596,2872628184.2146783,7
221,0.00026891117862687044,0.0163985114759502,0.0163985114759502,0.0,163985114.759502,7
222,0.2738651744696273,0.5233212918175864,0.4405784271436949,-0.3419393549011738,1956011971.01686,7
223,5.54134229426179,2.3540055850107473,1.7401905751382931,-0.4442860235044028,2142878552.347644,7
224,0.00026891117862687044,0.0163985114759502,0.0163985114759502,0.0,163985114.759502,7
225,0.00026891117862687044,0.0163985114759502,0.0163985114759502,0.0,163985114.759502,7
226,0.00026891117862687044,0.0163985114759502,0.0163985114759502,0.0,163985114.759502,7
227,0.8183592083723003,0.9046320845361944,0.785083051231879,-0.5422923542401046,5028098385.532145,7
228,0.5064195508110394,0.7116316117283151,0.47175781845125836,0.34698531605944927,2477132778.4070644,7
229,2.19595461350793,1.4818753704370453,1.2424226136597887,-0.34502220077360723,3711515525.810995,7
230,2.1833860048029163,1.4776285070351467,1.0318773276443767,-0.3373239279417859,1765176241.5547576,7
231,1.11168167672465,1.054363161687969,0.8238761591688893,-0.047546195375151035,3293261784.081142,7
232,0.20627202695607916,0.454171803347675,0.3387392579057104,0.1577225565960101,585495755.005488,7
233,0.00026891117862687044,0.0163985114759502,0.0163985114759502,0.0,163985114.759502,7
234,1.1071549487354784,1.05221430741816,0.6379431142399729,-0.13022067683413452,2013834520.4860787,7
235,0.8206540153735481,0.9058995614159155,0.5731546612215406,0.5722122685818738,1403944381.734107,7
236,3.581743009562057,1.8925493413811056,1.5558975276299718,-0.09690879667837993,3065846207.129446,7
237,0.6001466125230323,0.7746913014375676,0.6412813180045898,-0.1310455389857148,3440223864.618569,7
238,0.00026891117862687044,0.0163985114759502,0.0163985114759502,0.0,163985114.759502,7
239,0.46877489156462177,0.6846713748687189,0.5221477365688333,0.11653962743590518,35.4849320441466,7
240,0.00026891117862687044,0.0163985114759502,0.0163985114759502,0.0,163985114.759502,7
241,1.0431887207609296,1.0213661051557026,0.8558174100765193,-0.345164403086462,948258132.9617659,7
242,1.0649865932668017,1.0319818764236133,0.8116074893791675,0.20932813530191985,2463020098.0769954,7
243,0.00026891117862687044,0.0163985114759502,0.0163985114759502,0.0,163985114.759502,7
244,0.00026891117862687044,0.0163985114759502,0.0163985114759502,0.0,163985114.759502,7
245,0.8690037035569601,0.9322036813684873,0.8293655221625678,-0.01383765414978666,2273950163.9965143,7
246,0.00026891117862687044,0.0163985114759502,0.0163985114759502,0.0,163985114.759502,7
247,0.5114679548602133,0.7151698783227753,0.6952389797495796,-1.5061929788150445,5065066847.033508,7
248,0.3473769056979556,0.5893868896556451,0.5553851774849214,-1.8369113965333033,4147772447.2560654,7
249,0.00026891117862687044,0.0163985114759502,0.0163985114759502,0.0,163985114.759502,7
250,0.00026891117862687044,0.0163985114759502,0.0163985114759502,0.0,163985114.759502,7
251,0.10833499343072764,0.3291428161615071,0.26457932958823516,0.0,2645793295.882351,7
252,0.6750370585365605,0.8216063890553436,0.5214891030995004,-0.3782006611788109,32.81028086445537,7
253,8.931478674286534,2.9885579589973714,1.7695623262188194,-0.26486258682092556,3613364642.8254547,7
254,2.7482578186189075,1.6577870245055326,1.382009729461746,-0.683307913904081,55.989940825828086,7
255,0.6590671622614943,0.8118295155151076,0.6277903627563243,-0.3455954562838841,851046792.6949273,7
256,0.00026891117862687044,0.0163985114759502,0.0163985114759502,0.0,163985114.759502,7
257,0.3118271801087341,0.5584148817042165,0.5375086339895724,0.0,5375086339.895723,7
258,0.5785411235240685,0.760618908208354,0.6841021186910422,-0.012446966167119822,2928285396.1888676,7
259,1.4193555786136718,1.1913671048898706,0.8704449502768392,-0.3374696798474981,3289248768.0679374,7
260,0.14554382838530028,0.3815020686514036,0.3360900433879753,0.4056960340933571,1452554010.5535226,7
261,5.4081380105543735,2.3255403695817396,1.7740728738830907,-0.06854339724663028,4321793880.263855,7
262,0.9535887722021215,0.9765187003852622,0.9350579015111544,-0.2296276273132618,2528997714.317572,7
263,2.5019694337275546,1.5817614971061709,1.319628452725127,-0.4594821696744067,2302046698.7235284,7
264,0.7376186177433699,0.8588472610094124,0.8053106895532112,-0.3901273949778896,878086006.4106342,7
265,1.161141030715651,1.0775625414404728,0.7652728317681321,-0.3546645358349261,1373827315.04162,7
266,0.00026891117862687044,0.0163985114759502,0.0163985114759502,0.0,163985114.759502,7
267,0.28779823528501547,0.536468298490242,0.5133950434955655,-0.41021135289657584,3131685114.6854563,7
268,1.1718988215703894,1.0825427573866953,0.96138900186411,-0.06338967142498286,2885349651.319197,7
269,0.6785598959728063,0.8237474709963037,0.7638413735943775,-0.278824419333366,4614420495.323934,7
270,0.8849838032209444,0.9407357775810083,0.6649279713993597,0.22563917218167362,1379960106.1453836,7
271,1.1490638632069974,1.0719439645835025,0.9436460237430586,-0.481687613082707,5582298501.250754,7
272,0.00026891117862687044,0.0163985114759502,0.0163985114759502,0.0,163985114.759502,7
273,1.6235024340236013,1.2741673493005545,1.0756152097607394,-0.9887904816789115,1890189892.6766732,7
274,0.00026891117862687044,0.0163985114759502,0.0163985114759502,0.0,163985114.759502,7
275,0.5910470112554039,0.7687958189632693,0.6355321883328975,-0.4480651775757396,1837618402.1918445,7
276,0.00026891117862687044,0.0163985114759502,0.0163985114759502,0.0,163985114.759502,7
277,5.2345764018395915,2.2879196668239015,1.6733730027750546,-0.155379476081712,56.85873375978632,7
278,5.39089819499675,2.321830785177238,1.3479973768744566,-0.10989080485227198,2210715938.048137,7
279,0.00026891117862687044,0.0163985114759502,0.0163985114759502,0.0,163985114.759502,7
280,0.44720556544199913,0.6687343010807799,0.6583422027419716,-0.8260893922214965,3011397818.5852942,7
281,5.146746868990156,2.2686442799588824,2.0134808932261232,-0.05962435538032618,5448232679.521984,7
282,0.00026891117862687044,0.0163985114759502,0.0163985114759502,0.0,163985114.759502,7
283,0.00026891117862687044,0.0163985114759502,0.0163985114759502,0.0,163985114.759502,7
284,0.5030117199621185,0.7092331915259736,0.7020509570039939,-1.46475742781438,5381301183.548944,7
285,0.00026891117862687044,0.0163985114759502,0.0163985114759502,0.0,163985114.759502,7
286,0.00026891117862687044,0.0163985114759502,0.0163985114759502,0.0,163985114.759502,7
287,0.00026891117862687044,0.0163985114759502,0.0163985114759502,0.0,163985114.759502,7
288,0.00026891117862687044,0.0163985114759502,0.0163985114759502,0.0,163985114.759502,7
289,4.464026992396665,2.1128244111607253,1.623934562276634,-0.05162174340113723,41.71615269543155,7
290,0.00026891117862687044,0.0163985114759502,0.0163985114759502,0.0,163985114.759502,7
291,2.0552762211378868,1.4336234586312706,1.09290510620667,-0.04904723787246312,2338969011.9674296,7
292,0.00026891117862687044,0.0163985114759502,0.0163985114759502,0.0,163985114.759502,7
293,0.00026891117862687044,0.0163985114759502,0.0163985114759502,0.0,163985114.759502,7
294,0.00026891117862687044,0.0163985114759502,0.0163985114759502,0.0,163985114.759502,7
295,0.00026891117862687044,0.0163985114759502,0.0163985114759502,0.0,163985114.759502,7
296,0.00026891117862687044,0.0163985114759502,0.0163985114759502,0.0,163985114.759502,7
297,0.00026891117862687044,0.0163985114759502,0.0163985114759502,0.0,163985114.759502,7
298,0.00026891117862687044,0.0163985114759502,0.0163985114759502,0.0,163985114.759502,7
299,0.7662163032188548,0.8753378223399552,0.577595918426821,-0.5643582857384952,37.46717053820639,7
300,0.00026891117862687044,0.0163985114759502,0.0163985114759502,0.0,163985114.759502,7
301,3.735283843714865,1.9326882427631378,1.2572635634235059,0.11151015367947403,4790785938.139177,7
302,1.437546816464731,1.1989774044846429,0.7809805595561075,-0.3044406297550333,39.78638313467584,7
303,0.00026891117862687044,0.0163985114759502,0.0163985114759502,0.0,163985114.759502,7
304,0.9321756665042856,0.965492447668176,0.8383299148301004,-0.3434296370208827,3890883521.205113,7
305,0.00026891117862687044,0.0163985114759502,0.0163985114759502,0.0,163985114.759502,7
306,0.00026891117862687044,0.0163985114759502,0.0163985114759502,0.0,163985114.759502,7
307,0.2548413691289541,0.504818154516014,0.36598255385338885,-0.24872270873187508,1151896418.960073,7
308,5.32239537635582,2.3070317241762885,1.653117030381812,0.061879951649513876,2279604227.4215484,7
309,0.2417373147123074,0.49166789066635963,0.44270103405878775,0.012905964924744717,1542593927.1276755,7
310,0.6143521334168597,0.7838061835791165,0.6647830104947979,-1.50860454478551,3239755034.239634,7
311,0.19645955123451614,0.44323757877070413,0.41214116572677606,-0.6044196684152148,3005570029.288,7
312,0.00026891117862687044,0.0163985114759502,0.0163985114759502,0.0,163985114.759502,7
313,0.00026891117862687044,0.0163985114759502,0.0163985114759502,0.0,163985114.759502,7
314,0.00026891117862687044,0.0163985114759502,0.0163985114759502,0.0,163985114.759502,7
315,0.00026891117862687044,0.0163985114759502,0.0163985114759502,0.0,163985114.759502,7
316,0.5763374313780446,0.759168908332029,0.6539750797137331,-0.17668892239684109,2648455978.660137,7
317,0.00026891117862687044,0.0163985114759502,0.0163985114759502,0.0,163985114.759502,7
318,6.172432336111937,2.484438032254364,2.0093892795662907,-0.4972731904429948,1679301067.4642358,7
319,0.00026891117862687044,0.0163985114759502,0.0163985114759502,0.0,163985114.759502,7
320,0.00026891117862687044,0.0163985114759502,0.0163985114759502,0.0,163985114.759502,7
321,0.00026891117862687044,0.0163985114759502,0.0163985114759502,0.0,163985114.759502,7
322,4.242536671811636,2.059741894464361,1.5948138534997973,-0.7617313298200858,2406253036.65474,7
323,1.2129956381733495,1.1013608119836793,1.056202786256385,-0.10068122723137263,8041369572.18558,7
324,2.388413605218119,1.545449321465482,1.2442095659160253,-0.12531025630469084,5208402995.962035,7
325,0.00026891117862687044,0.0163985114759502,0.0163985114759502,0.0,163985114.759502,7
326,0.00026891117862687044,0.0163985114759502,0.0163985114759502,0.0,163985114.759502,7
327,1.0103032341293112,1.005138415408202,0.5372366299132377,0.08324336162340296,1649986069.1519153,7
328,0.00026891117862687044,0.0163985114759502,0.0163985114759502,0.0,163985114.759502,7
329,1.8372467597561157,1.355450758882858,1.2367136325867525,-0.6671313190379569,4956123824.808475,7
330,0.6673036608144781,0.8168865654510901,0.7193767072617769,-0.2576107453811318,2580621114.316827,7
331,0.00026891117862687044,0.0163985114759502,0.0163985114759502,0.0,163985114.759502,7
332,0.00026891117862687044,0.0163985114759502,0.0163985114759502,0.0,163985114.759502,7
333,0.2094811860248775,0.45769114698110286,0.43791830602823356,-0.026457811521899632,3191587794.15966,7
334,0.00026891117862687044,0.0163985114759502,0.0163985114759502,0.0,163985114.759502,7
335,0.3976056835053982,0.6305598175473903,0.547083883982979,0.18822172950981197,2719730762.7295365,7
336,1.4213632671560947,1.1922094057488788,0.9320719518181427,-0.45097500188851347,3580968622.9647145,7
337,0.00026891117862687044,0.0163985114759502,0.0163985114759502,0.0,163985114.759502,7
338,0.00026891117862687044,0.0163985114759502,0.0163985114759502,0.0,163985114.759502,7
339,0.00026891117862687044,0.0163985114759502,0.0163985114759502,0.0,163985114.759502,7
340,0.39203401181588965,0.626126194800928,0.571931026955289,0.6901666680809904,3621975487.2123504,7
341,0.00026891117862687044,0.0163985114759502,0.0163985114759502,0.0,163985114.759502,7
342,12.407622155829019,3.5224454794686344,2.2396281399283042,-0.3274530254052881,4500959500.274691,7
343,0.00026891117862687044,0.0163985114759502,0.0163985114759502,0.0,163985114.759502,7
344,0.00026891117862687044,0.0163985114759502,0.0163985114759502,0.0,163985114.759502,7
345,0.00026891117862687044,0.0163985114759502,0.0163985114759502,0.0,163985114.759502,7
346,0.00026891117862687044,0.0163985114759502,0.0163985114759502,0.0,163985114.759502,7
347,0.00026891117862687044,0.0163985114759502,0.0163985114759502,0.0,163985114.759502,7
348,0.35696977340132635,0.5974694748699103,0.4350775004815365,0.271186712638959,2796881433.3663006,7
349,0.22046070685484367,0.46953243429484576,0.4432088765987249,-0.800429105981223,3751028197.396037,7
350,0.00026891117862687044,0.0163985114759502,0.0163985114759502,0.0,163985114.759502,7
351,0.00026891117862687044,0.0163985114759502,0.0163985114759502,0.0,163985114.759502,7
352,0.00026891117862687044,0.0163985114759502,0.0163985114759502,0.0,163985114.759502,7
353,1.3960644815279715,1.1815517261330422,1.002547014860833,-0.3155222999013576,7071058245.025694,7
354,0.00026891117862687044,0.0163985114759502,0.0163985114759502,0.0,163985114.759502,7
355,0.43100757844189863,0.6565116742616985,0.6248441080789915,0.1877164867825757,4322066477.297129,7
356,0.00026891117862687044,0.0163985114759502,0.0163985114759502,0.0,163985114.759502,7
357,0.00026891117862687044,0.0163985114759502,0.0163985114759502,0.0,163985114.759502,7
358,2.1761311230363605,1.475171557154069,1.3048822989796154,-0.13436622371044327,2450162269.3488445,7
359,1.31084487065481,1.1449213381952534,0.9071337034478073,-0.6902999647917287,1235987234.7957113,7
360,0.00026891117862687044,0.0163985114759502,0.0163985114759502,0.0,163985114.759502,7
361,0.6072024152055185,0.7792319392873462,0.6787619151302167,-0.14434301327193877,4609459345.285581,7
362,0.2711968138591572,0.5207656035676292,0.5100592376630513,-0.10738698992489204,2593891945.0686398,7
363,1.1349799117570936,1.0653543597118724,0.7435587633492335,-0.06950030146341502,3028997709.022831,7
364,0.4895091095920258,0.6996492761319959,0.5659305684977135,0.07746360115348971,2847259482.8556895,7
365,0.00026891117862687044,0.0163985114759502,0.0163985114759502,0.0,163985114.759502,7
366,1.2144821493336069,1.1020354573849278,0.797960032429153,-0.41689584088920806,2036052001.72492,7
367,1.5669558455275217,1.2517810693278284,1.0351939946442383,-0.4218673413120102,879054782.0263473,7
368,3.3492009419158437,1.8300822227200186,1.100825459715773,-0.24326398601421473,3886441827.9510117,7
369,0.4460317828643272,0.6678561094010649,0.6041888575325041,-1.1855557360352038,1795581096.7843897,7
370,0.24628148056827007,0.49626754938064416,0.46446296065538906,-0.20677925478452308,3116437520.6396914,7
371,2.078549173989681,1.441717439025304,1.2537572967276014,-0.4977780812572701,2064907885.5341644,7
372,0.4525745336306746,0.6727366004839298,0.580895739678036,-1.2176152147903054,3203127973.901264,7
373,0.6558000129553381,0.8098148016400651,0.6048037616628751,-0.23593079364659864,2211280191.0858607,7
374,1.0892561516749493,1.0436743513543625,0.6660284501925169,0.01160089940606479,2227287517.422209,7
375,0.399637473136592,0.6321688644156654,0.6052875312299368,-0.6318530153077506,2566128177.4245954,7
376,1.3752527685189972,1.172711715861574,0.9748459963590586,-0.29591126264290124,4059157345.6590242,7
377,0.00026891117862687044,0.0163985114759502,0.0163985114759502,0.0,163985114.759502,7
378,0.9960788802660581,0.9980375144582783,0.6957406905898912,0.35779124824951525,2390195103.0374804,7
379,2.7172024433388278,1.6483938981138058,1.4912675558825443,-0.47936577470669506,5704642656.135355,7
380,0.00026891117862687044,0.0163985114759502,0.0163985114759502,0.0,163985114.759502,7
381,0.9754011635506049,0.9876239990758654,0.863253610693036,-0.19486642534949095,4093008787.53426,7
382,1.4470895759567755,1.2029503630477758,0.9390987094462455,-0.14366756809487113,3112944718.17578,7
383,1.4225751798387332,1.1927175607991747,1.0277946225803938,-0.12429328729190225,4671487636.706097,7
384,1.1607492696905684,1.0773807449971289,0.8373704274959914,-0.015655610979247392,2260239014.298939,7
385,0.8778833776230576,0.9369543092504872,0.823118514414534,-0.024197273893567184,3221462967.523058,7
386,0.6618211797507235,0.8135239269687915,0.5209245583108343,-0.24727837722251755,1730693681.075538,7
387,3.738985505052199,1.933645651367437,1.37663291158198,-0.05293269969860814,1733730761.736418,7
388,0.00026891117862687044,0.0163985114759502,0.0163985114759502,0.0,163985114.759502,7
389,0.00026891117862687044,0.0163985114759502,0.0163985114759502,0.0,163985114.759502,7
390,0.00026891117862687044,0.0163985114759502,0.0163985114759502,0.0,163985114.759502,7
391,0.00026891117862687044,0.0163985114759502,0.0163985114759502,0.0,163985114.759502,7
392,1.0229586133770296,1.0114141651059816,0.8195177276019848,-0.04427025115571781,3242421187.974825,7
393,0.24282756742726458,0.4927753721801289,0.41396345499819626,-0.18985508039359633,3412622586.428152,7
394,0.00026891117862687044,0.0163985114759502,0.0163985114759502,0.0,163985114.759502,7
395,0.4125931334524657,0.6423341291356591,0.5611460068195022,-0.6847552949309017,3262470672.0294213,7
396,0.00026891117862687044,0.0163985114759502,0.0163985114759502,0.0,163985114.759502,7
397,0.00026891117862687044,0.0163985114759502,0.0163985114759502,0.0,163985114.759502,7
398,0.00026891117862687044,0.0163985114759502,0.0163985114759502,0.0,163985114.759502,7
399,0.00026891117862687044,0.0163985114759502,0.0163985114759502,0.0,163985114.759502,7
400,0.359549842881968,0.5996247517255838,0.5238561324658054,0.32238683456859885,2607289823.3181176,7
401,0.00026891117862687044,0.0163985114759502,0.0163985114759502,0.0,163985114.759502,7
402,0.00026891117862687044,0.0163985114759502,0.0163985114759502,0.0,163985114.759502,7
403,1.6939625754130163,1.3015231751348173,1.0571606042194437,-0.03755207744047273,1516239715.3479555,7
404,0.00026891117862687044,0.0163985114759502,0.0163985114759502,0.0,163985114.759502,7
405,0.00026891117862687044,0.0163985114759502,0.0163985114759502,0.0,163985114.759502,7
406,0.00026891117862687044,0.0163985114759502,0.0163985114759502,0.0,163985114.759502,7
407,0.6350516696489171,0.7969012922871421,0.6737402954775584,0.44432978905719756,2787194940.386111,7
408,0.5884644879206673,0.767114390375169,0.6364761371173548,0.15191882623197928,2291402839.9550056,7
409,0.00026891117862687044,0.0163985114759502,0.0163985114759502,0.0,163985114.759502,7
410,0.00026891117862687044,0.0163985114759502,0.0163985114759502,0.0,163985114.759502,7
411,0.00026891117862687044,0.0163985114759502,0.0163985114759502,0.0,163985114.759502,7
412,0.015914299505487093,0.12615189061400187,0.08794059276862047,0.0,879405927.6862046,7
413,1.6047358237538787,1.2667816795935591,1.0103924977976284,-0.19139477824151596,3942169645.8720846,7
414,2.3834884717972558,1.5438550682616732,1.2217678049014886,-0.12298976075063006,5508790837.799727,7
415,0.00026891117862687044,0.0163985114759502,0.0163985114759502,0.0,163985114.759502,7
416,0.2362858773093213,0.48609245757296143,0.37730969571101586,0.035166000986937895,3104848989.4854264,7
417,0.5662918727200325,0.7525236692091701,0.6378939584893935,-0.06724237551083045,3038463280.0810413,7
418,1.107699615689178,1.0524730949953913,0.8128679125135713,-0.35693202921924305,1184831703.0592892,7
419,0.00026891117862687044,0.0163985114759502,0.0163985114759502,0.0,163985114.759502,7
420,1.5992269038499016,1.2646054340583475,1.1103677111196864,-0.5069638132431764,1794456567.3988347,7
421,0.00026891117862687044,0.0163985114759502,0.0163985114759502,0.0,163985114.759502,7
422,0.7199596321897009,0.8485043501300986,0.7074060424632257,-0.7639010988647681,1061087296.5804472,7
423,0.38861426304852775,0.6233893350455458,0.5744799751805173,-0.9042098889377861,3505616740.5010157,7
424,0.7599455237540976,0.8717485438783925,0.8381227975373439,-2.1031108886625653,5727680526.008218,7
425,0.00029052870836677314,0.017044902709219937,0.016794016635227626,0.0,167940166.3522763,7
426,2.3873274561363935,1.5450978791443581,1.1203544299612072,-0.2997671705631477,46.54366164893282,7
427,1.2343967880929096,1.1110341075290666,0.7324044227180503,-0.1631815887798571,1955151119.5808177,7
428,0.3010748490642067,0.5487028786731547,0.5305000821833378,-1.4587779340243534,4236449562.1651163,7
429,0.7104298489719829,0.8428700071612365,0.6501073103566631,-0.33888702306258334,1595914716.04016,7
430,0.00026891117862687044,0.0163985114759502,0.0163985114759502,0.0,163985114.759502,7
431,0.18620292090054716,0.4315123647133963,0.3735658014375535,-0.5206571873544681,2487948360.1666985,7
432,2.077021263485187,1.4411874491145094,1.227015004457478,0.19226950864464953,3491293899.144129,7
433,2.2287745194752313,1.4929080746902106,1.0517837868476834,-0.560142163632662,1244278626.1015413,7
434,0.6573373776920987,0.8107634535991979,0.6717872559685861,-0.3420638127880342,4436510176.583462,7
435,1.58126800137496,1.2574847917072238,1.0405735501778448,0.34337176214090637,2219201046.383196,7
436,1.1476541092936408,1.0712861939246865,0.8337771882086596,-0.17156356990392507,3381252029.6221576,7
437,0.00026891117862687044,0.0163985114759502,0.0163985114759502,0.0,163985114.759502,7
438,0.00026891117862687044,0.0163985114759502,0.0163985114759502,0.0,163985114.759502,7
439,0.00026891117862687044,0.0163985114759502,0.0163985114759502,0.0,163985114.759502,7
440,2.8578776279976,1.6905258436349324,1.331467094907015,-0.42893881399879996,3427836141.623619,7
441,3.0796584007533814,1.7548955526621468,1.546165826620676,-0.5719089753845383,2373468672.694578,7
442,0.00026891117862687044,0.0163985114759502,0.0163985114759502,0.0,163985114.759502,7
443,0.012098437738533679,0.10999289858228885,0.07661245880457557,0.0,766124588.0457556,7
444,2.2365532942296302,1.4955110478460634,1.3518002924581454,-0.1415740772630405,6276981142.988385,7
445,0.00026891117862687044,0.0163985114759502,0.0163985114759502,0.0,163985114.759502,7
446,0.00026891117862687044,0.0163985114759502,0.0163985114759502,0.0,163985114.759502,7
447,0.00026891117862687044,0.0163985114759502,0.0163985114759502,0.0,163985114.759502,7
448,1.1401756630131135,1.0677900837772907,0.8192870135896693,-0.6431943378718401,1963182049.8972476,7
449,2.063360619366844,1.436440259588558,1.181542785195665,-0.07558159945718468,49.67105535466804,7
450,0.00026891117862687044,0.0163985114759502,0.0163985114759502,0.0,163985114.759502,7
451,0.00026891117862687044,0.0163985114759502,0.0163985114759502,0.0,163985114.759502,7
452,0.00026891117862687044,0.0163985114759502,0.0163985114759502,0.0,163985114.759502,7
453,0.5766114066370241,0.7593493310967121,0.6457805770597125,-0.08669072789285326,4237930622.192192,7
454,0.45160772122993137,0.672017649492877,0.5875196175279065,0.0779675691555568,2520881106.1352544,7
455,0.3390561692433773,0.582285298838445,0.5495681735744636,-0.6613752292925481,3599957528.544111,7
456,0.00026891117862687044,0.0163985114759502,0.0163985114759502,0.0,163985114.759502,7
457,0.22590838950503495,0.475298211131743,0.32563095273314924,-0.8449185142911184,1855892810.4628284,7
458,2.9546506196284943,1.7189097182890363,1.199730694398821,-0.39209500347880977,40.95432754972492,7
459,0.00026891117862687044,0.0163985114759502,0.0163985114759502,0.0,163985114.759502,7
460,0.1605341238416278,0.4006670985264797,0.32933304790984025,0.0,3293330479.0984015,7
461,0.2239598147596781,0.47324392733523596,0.42644181336228104,-0.829005153870704,3045334098.1598983,7
462,0.00026891117862687044,0.0163985114759502,0.0163985114759502,0.0,163985114.759502,7
463,0.00026891117862687044,0.0163985114759502,0.0163985114759502,0.0,163985114.759502,7
464,1.1859074813391592,1.0889937930673248,0.9612158386806244,-0.4527366646404698,7242067429.717811,7
465,0.4595403290304566,0.6778940396776303,0.6062300941310574,-1.251747612249237,4751686907.87199,7
466,2.1409795972966594,1.4632086649882372,1.2440255478945395,-0.008730771803233894,3853304121.901127,7
467,0.5865737344623138,0.7658810184763125,0.6607363898095205,-0.10546588417897595,4959759281.619412,7
468,0.9911778784619392,0.9955791673503113,0.8437455903369739,-0.4284622366069126,1549955097.4191833,7
469,0.5723362257838053,0.7565290647316898,0.6324324146254626,-0.001588395121659314,1388747568.0771103,7
470,0.00026891117862687044,0.0163985114759502,0.0163985114759502,0.0,163985114.759502,7
471,0.10822801101747191,0.3289802593127313,0.2916208827387258,0.11613791002397955,2050971450.794093,7
472,1.3618408550230616,1.1669793721497659,0.9789898317719654,-0.07629357896983913,4341892176.109945,7
473,2.2331087926235673,1.4943589905452999,1.0329111746476438,-0.6091519240963932,1343591630.3884346,7
474,0.815100701071423,0.9028292757057798,0.7494960672105956,-0.17470395154410978,2381698245.8233323,7
475,0.5042967057723237,0.7101385116808718,0.5424102050142211,0.04959466989062089,2072207150.9561386,7
476,1.7229883589319412,1.3126265115911462,0.9457067652805582,-0.0050765427102990035,3648629675.960143,7
477,4.099334782573079,2.024681402733052,1.417949938443611,0.005606909177817587,5718235716.690248,7
478,0.2471235555446115,0.49711523366782023,0.37700676976907704,0.13506755559385974,1562859117.683423,7
479,0.42585879460488485,0.6525785735104125,0.5053126544892342,-1.086708093563936,3172482478.624451,7
480,0.40159185695212524,0.6337127558698225,0.516223775743628,-0.4055714993324384,1828532343.6435347,7
481,0.5932487908511617,0.7702264542659916,0.5621708370857156,0.27327023120732685,1790669679.877184,7
482,0.25541947966540396,0.5053904230052286,0.422526430598238,-1.085925750600798,3520696863.1964283,7
483,0.10513888732355747,0.32425127189196573,0.2680883812633127,0.0,2680883812.633127,7
484,0.42626087434129367,0.6528865708078959,0.6231066168846191,-2.481130473787231,5364571653.379386,7
485,0.00026891117862687044,0.0163985114759502,0.0163985114759502,0.0,163985114.759502,7
486,0.5731176984626263,0.757045374110843,0.6477546246933158,-0.08010643171802645,2888064414.9897466,7
487,0.9312140712314314,0.9649943374089982,0.7919844374701004,-0.3420438085394162,1919767189.66533,7
488,0.26638262452061257,0.5161226835943297,0.4821160486317782,-0.08772905012583476,2137973783.3606336,7
489,0.6486354531434075,0.8053790741901652,0.7246331978124942,-0.22242835400103722,4555913739.464503,7
490,0.2596000017596131,0.5095095698410513,0.4052445969587857,0.0,4052445969.5878563,7
491,0.2855667903532869,0.5343844967374025,0.4969996619078125,-0.3992772727311056,3318583034.9837832,7
492,0.9224048776717505,0.9604191156322069,0.8417763197012545,0.16300298137193026,1913110548.9876342,7
493,0.4682947130094889,0.6843206214995197,0.6335324363150641,-1.294644093746495,4871245249.465385,7
494,0.31656638640084817,0.5626423254616099,0.4229405246503238,0.3536769610982684,2391733581.083358,7
495,0.00026891117862687044,0.0163985114759502,0.0163985114759502,0.0,163985114.759502,7
496,1.2139873722533456,1.101810951231356,0.7350217059306713,-0.10158113408173941,2569195301.7701635,7
497,0.6667523273946071,0.8165490355114058,0.6918991649957223,-0.6335432021167875,1761138067.3280854,7
498,0.33173149005400787,0.5759613615981612,0.5646899745552778,-0.3545702510538655,2847828903.5539174,7
499,1.945649131011681,1.394865273426678,1.0220096289079208,0.0069082560461213305,5599003992.360901,7
500,1.6760816902087565,1.2946357364945387,1.0768821337200585,-0.3246452067778882,3755140537.794113,7
501,1.7907960868894885,1.3382062945934339,0.9411193105300948,-0.09686260321981166,1931997127.4478526,7
502,0.43132314750159123,0.6567519680226251,0.5858969918845865,-1.1134834227577968,3412564370.7133913,7
503,0.34245264290505645,0.5851945342405861,0.5552189993748372,-0.6780179502347763,3970637549.379432,7
504,0.5607525584985963,0.7488341328348997,0.6559192879548573,-1.747687536643121,6034079239.434095,7
505,0.136256111451325,0.3691288548072678,0.3283112970456153,0.33234505388850744,2432415511.747336,7
506,0.635142570987618,0.7969583244986014,0.6566497342429019,-0.2967494157663868,2041098638.8080869,7
507,0.31631942344346037,0.5624228155431289,0.4142071324855944,0.3541811771362686,2387153935.102305,7
508,0.08347356163485897,0.2889179150465733,0.24099420445696204,0.31829924664865183,2190994733.886459,7
509,0.2603747740458828,0.5102693152109803,0.4770764990588213,-0.2758363928248255,1635723156.621064,7
510,0.00026891117862687044,0.0163985114759502,0.0163985114759502,0.0,163985114.759502,7
511,0.29754087739147195,0.5454730766879993,0.5283501437937933,-0.4579502992182123,3446083710.1324787,7
512,0.769423881168703,0.8771681031414121,0.7546327651366378,-0.5709070907194356,3966715416.9373326,7
513,0.44491622591309643,0.6670204089179704,0.6034060316783911,0.09162937209409461,2754529810.5467615,7
514,0.00026891117862687044,0.0163985114759502,0.0163985114759502,0.0,163985114.759502,7
515,7.283108370260998,2.698723470506194,1.9759199773009033,-0.7157322603018694,3742692960.3089848,7
516,10.522330682180975,3.2438142181976106,2.822229567420782,-1.113090997651097,73.83447969304366,7
517,4.510222548424197,2.1237284544932287,1.6667312140798456,-0.3475664931267419,2720969289.9542875,7
518,1.562620275433164,1.2500481092474658,1.1032245770868463,-0.41793321289305596,6586856910.698181,7
519,1.911026564282731,1.3823988441411297,1.1825269830595588,-0.9508396177052882,1232566534.3211,7
520,0.20129018104811336,0.44865374293335986,0.2805072447740543,0.5890325470267687,1394790993.0097482,7
521,0.6062608388560714,0.7786275353826574,0.6795508392306292,-0.1425685039979807,2953651821.917806,7
522,0.5203347826586097,0.7213423477507817,0.6456084723458371,0.25010575440376825,3256793017.061838,7
523,0.00026891117862687044,0.0163985114759502,0.0163985114759502,0.0,163985114.759502,7
524,1.5804448540499352,1.2571574499838654,0.93530562313856,-0.17336057346131595,1094376365.5586164,7
525,0.25485874265290004,0.504835361927926,0.43638298290135646,-0.24880783899920988,1684029710.446797,7
526,0.4228868837711382,0.6502975348032147,0.5704560508406136,0.20302087289285486,4013230146.9381557,7
527,1.3554119489015444,1.1642216064399185,0.9644822360210318,-0.27721510569568597,5697794273.484273,7
528,0.4927577737849508,0.7019670745732671,0.6024763892481232,0.0713411186360543,3158358037.4260025,7
529,0.32923563113700055,0.5737905812550433,0.5110939187819385,-0.6132545925713024,2703505868.137809,7
530,3.2993250957411044,1.816404441676221,1.1852753491702213,-0.554489708570328,1848769817.9143202,7
531,1.2597230751721376,1.122373857131454,0.7695282637690913,-0.14308204969323546,2781881803.749013,7
532,0.7481475160762436,0.8649552104451673,0.6274881427015288,-0.40997031875907464,2161039431.821477,7
533,0.8151385821363917,0.902850254547448,0.7737400258162267,-0.05109975064955763,2977914648.940886,7
534,2.8880288017097078,1.6994201369024988,1.4756116525861032,-0.025459502056345507,4568193073.190728,7
535,2.3166814119478643,1.522064851426464,1.2426048164183299,-0.41896736481806673,1510987626.9568908,7
536,2.1771888246681366,1.475530014831327,1.0086807903052482,-0.3335281551092335,3389705886.490114,7
537,0.2019214999804367,0.4493567624732454,0.40428624915770256,0.17548720841321652,3078822654.657404,7
538,1.2424065600488785,1.1146329261460377,0.7879564065494086,0.2575863238732311,429796717.5794042,7
539,19.736460103008287,4.442573590049836,2.983873432365818,-0.7331300090455308,45.52569885402293,7
540,0.9001991658022944,0.94878826183838,0.6025286526398599,0.0,6025286526.398599,7
541,0.21232966379612156,0.46079243027215794,0.32713976111458226,0.0,3271397611.1458225,7
542,1.2441521503342459,1.115415684995619,0.9006354415318344,-0.6043014570099488,2569030420.126748,7
543,0.24631760039127484,0.4963039395282641,0.45925809373497894,-1.0115937365287442,3621781493.0374546,7
544,0.5915322860598654,0.76911136128643,0.6486081376821721,-0.20771175070555858,3329587088.2984867,7
545,0.4584471188048722,0.677087231311352,0.644031270269085,-2.7439848035731225,5827605594.504528,7
546,1.2936001076846673,1.1373654239885558,0.9051500798966903,-0.17382231993608666,4952572302.442192,7
547,0.9276930562735763,0.9631682388210153,0.7517541131797244,0.12582769697297636,3388770020.5939665,7
548,62.13867011909055,7.882808517215837,4.119325511875149,-0.14037259769117494,7579050956.770317,7
549,0.26373594217687774,0.5135522779395275,0.480483071331304,-0.2923061166667007,2698563331.413417,7
550,0.4708111147752387,0.686156771281344,0.43431210705480455,0.03876064066722118,1885552495.7460887,7
551,0.09135653570956581,0.30225243706141697,0.23750009450293755,0.0,2375000945.029376,7
552,0.6861408563399357,0.8283361976516151,0.6127183750166034,-0.2931116138714174,2297459084.062947,7
553,0.05308091746691916,0.2303929631454033,0.18998412202304413,0.0,1899841220.2304416,7
554,0.15494661408336888,0.39363258767963927,0.30327993462107034,0.0,3032799346.210704,7
555,0.00026891117862687044,0.0163985114759502,0.0163985114759502,0.0,163985114.759502,7
556,0.5026164154728544,0.7089544523259971,0.6160891274222531,0.4869124092047943,2187560423.882312,7
